{
  "type": "FeatureCollection",
  "lodLevel": "LoD3",
  "lod3Category": "LoD3 windows and glass panels",
  "lod3Evidence": "Windows, glass panels, and crossbars are separate facade opening details.",
  "timestamp": "2026-04-29T17:07:16.106Z",
  "features": [
    {
      "id": "basement-windows-134",
      "type": "Feature",
      "geometry": {
        "type": "Polygon",
        "coordinates": [
          [
            [
              106.69581829206487,
              10.77693678221308,
              19.65
            ],
            [
              106.69580468555648,
              10.776948817484566,
              19.65
            ],
            [
              106.69580499184033,
              10.776949151647667,
              19.65
            ],
            [
              106.69581859834872,
              10.776937116376178,
              19.65
            ]
          ]
        ]
      },
      "properties": {
        "id": "134",
        "blockName": "Cửa sổ",
        "height": 3.5,
        "sourceId": "134",
        "sourceFile": "basement-windows.geojson",
        "componentId": "basement-windows",
        "componentName": "Basement windows",
        "lodLevel": "LoD3",
        "lod3Category": "LoD3 windows and glass panels",
        "lod3Evidence": "Windows, glass panels, and crossbars are separate facade opening details."
      }
    },
    {
      "id": "basement-windows-135",
      "type": "Feature",
      "geometry": {
        "type": "Polygon",
        "coordinates": [
          [
            [
              106.69578427579195,
              10.776966870390686,
              19.65
            ],
            [
              106.69577066928082,
              10.77697890566069,
              19.65
            ],
            [
              106.69577097556467,
              10.776979239823788,
              19.65
            ],
            [
              106.6957845820757,
              10.776967204553785,
              19.65
            ]
          ]
        ]
      },
      "properties": {
        "id": "135",
        "blockName": "Cửa sổ",
        "height": 3.5,
        "sourceId": "135",
        "sourceFile": "basement-windows.geojson",
        "componentId": "basement-windows",
        "componentName": "Basement windows",
        "lodLevel": "LoD3",
        "lod3Category": "LoD3 windows and glass panels",
        "lod3Evidence": "Windows, glass panels, and crossbars are separate facade opening details."
      }
    },
    {
      "id": "basement-windows-136",
      "type": "Feature",
      "geometry": {
        "type": "Polygon",
        "coordinates": [
          [
            [
              106.69575025951221,
              10.776996958564583,
              19.65
            ],
            [
              106.69573665299842,
              10.777008993833105,
              19.65
            ],
            [
              106.69573695928219,
              10.777009327996202,
              19.65
            ],
            [
              106.69575056579596,
              10.776997292727682,
              19.65
            ]
          ]
        ]
      },
      "properties": {
        "id": "136",
        "blockName": "Cửa sổ",
        "height": 3.5,
        "sourceId": "136",
        "sourceFile": "basement-windows.geojson",
        "componentId": "basement-windows",
        "componentName": "Basement windows",
        "lodLevel": "LoD3",
        "lod3Category": "LoD3 windows and glass panels",
        "lod3Evidence": "Windows, glass panels, and crossbars are separate facade opening details."
      }
    },
    {
      "id": "basement-windows-137",
      "type": "Feature",
      "geometry": {
        "type": "Polygon",
        "coordinates": [
          [
            [
              106.69526042569812,
              10.777430228816309,
              19.65
            ],
            [
              106.69527403222688,
              10.777418193543335,
              19.65
            ],
            [
              106.69527433851135,
              10.777418527706438,
              19.65
            ],
            [
              106.69526073198259,
              10.77743056297941,
              19.65
            ]
          ]
        ]
      },
      "properties": {
        "id": "137",
        "blockName": "Cửa sổ",
        "height": 3.5,
        "sourceId": "137",
        "sourceFile": "basement-windows.geojson",
        "componentId": "basement-windows",
        "componentName": "Basement windows",
        "lodLevel": "LoD3",
        "lod3Category": "LoD3 windows and glass panels",
        "lod3Evidence": "Windows, glass panels, and crossbars are separate facade opening details."
      }
    },
    {
      "id": "basement-windows-138",
      "type": "Feature",
      "geometry": {
        "type": "Polygon",
        "coordinates": [
          [
            [
              106.69529444201797,
              10.777400140632766,
              19.65
            ],
            [
              106.69530804854398,
              10.777388105358312,
              19.65
            ],
            [
              106.69530835482853,
              10.777388439521411,
              19.65
            ],
            [
              106.69529474830243,
              10.777400474795867,
              19.65
            ]
          ]
        ]
      },
      "properties": {
        "id": "138",
        "blockName": "Cửa sổ",
        "height": 3.5,
        "sourceId": "138",
        "sourceFile": "basement-windows.geojson",
        "componentId": "basement-windows",
        "componentName": "Basement windows",
        "lodLevel": "LoD3",
        "lod3Category": "LoD3 windows and glass panels",
        "lod3Evidence": "Windows, glass panels, and crossbars are separate facade opening details."
      }
    },
    {
      "id": "basement-windows-139",
      "type": "Feature",
      "geometry": {
        "type": "Polygon",
        "coordinates": [
          [
            [
              106.69532845833099,
              10.777370052445516,
              19.65
            ],
            [
              106.69534206485434,
              10.777358017169577,
              19.65
            ],
            [
              106.6953423711389,
              10.777358351332675,
              19.65
            ],
            [
              106.69532876461555,
              10.777370386608615,
              19.65
            ]
          ]
        ]
      },
      "properties": {
        "id": "139",
        "blockName": "Cửa sổ",
        "height": 3.5,
        "sourceId": "139",
        "sourceFile": "basement-windows.geojson",
        "componentId": "basement-windows",
        "componentName": "Basement windows",
        "lodLevel": "LoD3",
        "lod3Category": "LoD3 windows and glass panels",
        "lod3Evidence": "Windows, glass panels, and crossbars are separate facade opening details."
      }
    },
    {
      "id": "basement-windows-140",
      "type": "Feature",
      "geometry": {
        "type": "Polygon",
        "coordinates": [
          [
            [
              106.69524103227012,
              10.777429230377544,
              19.65
            ],
            [
              106.69522878089664,
              10.777415863852985,
              19.65
            ],
            [
              106.69522844073343,
              10.777416164734792,
              19.65
            ],
            [
              106.69524069210681,
              10.77742953125935,
              19.65
            ]
          ]
        ]
      },
      "properties": {
        "id": "140",
        "blockName": "Cửa sổ",
        "height": 3.5,
        "sourceId": "140",
        "sourceFile": "basement-windows.geojson",
        "componentId": "basement-windows",
        "componentName": "Basement windows",
        "lodLevel": "LoD3",
        "lod3Category": "LoD3 windows and glass panels",
        "lod3Evidence": "Windows, glass panels, and crossbars are separate facade opening details."
      }
    },
    {
      "id": "basement-windows-141",
      "type": "Feature",
      "geometry": {
        "type": "Polygon",
        "coordinates": [
          [
            [
              106.69521040383867,
              10.777395814065244,
              19.65
            ],
            [
              106.69519815246804,
              10.777382447539482,
              19.65
            ],
            [
              106.6951978123047,
              10.777382748421289,
              19.65
            ],
            [
              106.69521006367533,
              10.777396114947049,
              19.65
            ]
          ]
        ]
      },
      "properties": {
        "id": "141",
        "blockName": "Cửa sổ",
        "height": 3.5,
        "sourceId": "141",
        "sourceFile": "basement-windows.geojson",
        "componentId": "basement-windows",
        "componentName": "Basement windows",
        "lodLevel": "LoD3",
        "lod3Category": "LoD3 windows and glass panels",
        "lod3Evidence": "Windows, glass panels, and crossbars are separate facade opening details."
      }
    },
    {
      "id": "basement-windows-142",
      "type": "Feature",
      "geometry": {
        "type": "Polygon",
        "coordinates": [
          [
            [
              106.69511851858519,
              10.777295565110299,
              19.65
            ],
            [
              106.69510626722268,
              10.777282198580927,
              19.65
            ],
            [
              106.69510592705926,
              10.777282499462734,
              19.65
            ],
            [
              106.69511817842175,
              10.777295865992105,
              19.65
            ]
          ]
        ]
      },
      "properties": {
        "id": "142",
        "blockName": "Cửa sổ",
        "height": 3.5,
        "sourceId": "142",
        "sourceFile": "basement-windows.geojson",
        "componentId": "basement-windows",
        "componentName": "Basement windows",
        "lodLevel": "LoD3",
        "lod3Category": "LoD3 windows and glass panels",
        "lod3Evidence": "Windows, glass panels, and crossbars are separate facade opening details."
      }
    },
    {
      "id": "basement-windows-143",
      "type": "Feature",
      "geometry": {
        "type": "Polygon",
        "coordinates": [
          [
            [
              106.69508789018099,
              10.777262148785967,
              19.65
            ],
            [
              106.69507563882115,
              10.777248782255393,
              19.65
            ],
            [
              106.69507529865773,
              10.777249083137198,
              19.65
            ],
            [
              106.69508755001756,
              10.777262449667774,
              19.65
            ]
          ]
        ]
      },
      "properties": {
        "id": "143",
        "blockName": "Cửa sổ",
        "height": 3.5,
        "sourceId": "143",
        "sourceFile": "basement-windows.geojson",
        "componentId": "basement-windows",
        "componentName": "Basement windows",
        "lodLevel": "LoD3",
        "lod3Category": "LoD3 windows and glass panels",
        "lod3Evidence": "Windows, glass panels, and crossbars are separate facade opening details."
      }
    },
    {
      "id": "basement-windows-144",
      "type": "Feature",
      "geometry": {
        "type": "Polygon",
        "coordinates": [
          [
            [
              106.6950766551926,
              10.777229730902809,
              19.65
            ],
            [
              106.69509026171228,
              10.77721769562984,
              19.65
            ],
            [
              106.69508995542813,
              10.777217361466743,
              19.65
            ],
            [
              106.69507634890843,
              10.777229396739711,
              19.65
            ]
          ]
        ]
      },
      "properties": {
        "id": "144",
        "blockName": "Cửa sổ",
        "height": 3.5,
        "sourceId": "144",
        "sourceFile": "basement-windows.geojson",
        "componentId": "basement-windows",
        "componentName": "Basement windows",
        "lodLevel": "LoD3",
        "lod3Category": "LoD3 windows and glass panels",
        "lod3Evidence": "Windows, glass panels, and crossbars are separate facade opening details."
      }
    },
    {
      "id": "basement-windows-145",
      "type": "Feature",
      "geometry": {
        "type": "Polygon",
        "coordinates": [
          [
            [
              106.69511067148973,
              10.77719964271927,
              19.65
            ],
            [
              106.69512427800676,
              10.777187607444812,
              19.65
            ],
            [
              106.69512397172251,
              10.777187273281715,
              19.65
            ],
            [
              106.69511036520558,
              10.77719930855617,
              19.65
            ]
          ]
        ]
      },
      "properties": {
        "id": "145",
        "blockName": "Cửa sổ",
        "height": 3.5,
        "sourceId": "145",
        "sourceFile": "basement-windows.geojson",
        "componentId": "basement-windows",
        "componentName": "Basement windows",
        "lodLevel": "LoD3",
        "lod3Category": "LoD3 windows and glass panels",
        "lod3Evidence": "Windows, glass panels, and crossbars are separate facade opening details."
      }
    },
    {
      "id": "basement-windows-146",
      "type": "Feature",
      "geometry": {
        "type": "Polygon",
        "coordinates": [
          [
            [
              106.69514468778016,
              10.777169554532017,
              19.65
            ],
            [
              106.69515829429446,
              10.777157519256077,
              19.65
            ],
            [
              106.6951579880102,
              10.77715718509298,
              19.65
            ],
            [
              106.6951443814959,
              10.777169220368917,
              19.65
            ]
          ]
        ]
      },
      "properties": {
        "id": "146",
        "blockName": "Cửa sổ",
        "height": 3.5,
        "sourceId": "146",
        "sourceFile": "basement-windows.geojson",
        "componentId": "basement-windows",
        "componentName": "Basement windows",
        "lodLevel": "LoD3",
        "lod3Category": "LoD3 windows and glass panels",
        "lod3Evidence": "Windows, glass panels, and crossbars are separate facade opening details."
      }
    },
    {
      "id": "basement-windows-147",
      "type": "Feature",
      "geometry": {
        "type": "Polygon",
        "coordinates": [
          [
            [
              106.69555288277816,
              10.77680849605792,
              19.65
            ],
            [
              106.69556648927883,
              10.776796460784949,
              19.65
            ],
            [
              106.69556618299507,
              10.776796126621852,
              19.65
            ],
            [
              106.69555257649442,
              10.77680816189482,
              19.65
            ]
          ]
        ]
      },
      "properties": {
        "id": "147",
        "blockName": "Cửa sổ",
        "height": 3.5,
        "sourceId": "147",
        "sourceFile": "basement-windows.geojson",
        "componentId": "basement-windows",
        "componentName": "Basement windows",
        "lodLevel": "LoD3",
        "lod3Category": "LoD3 windows and glass panels",
        "lod3Evidence": "Windows, glass panels, and crossbars are separate facade opening details."
      }
    },
    {
      "id": "basement-windows-148",
      "type": "Feature",
      "geometry": {
        "type": "Polygon",
        "coordinates": [
          [
            [
              106.69558689902777,
              10.776778407874378,
              19.65
            ],
            [
              106.69560050552569,
              10.776766372599926,
              19.65
            ],
            [
              106.69560019924195,
              10.776766038436824,
              19.65
            ],
            [
              106.69558659274404,
              10.776778073711279,
              19.65
            ]
          ]
        ]
      },
      "properties": {
        "id": "148",
        "blockName": "Cửa sổ",
        "height": 3.5,
        "sourceId": "148",
        "sourceFile": "basement-windows.geojson",
        "componentId": "basement-windows",
        "componentName": "Basement windows",
        "lodLevel": "LoD3",
        "lod3Category": "LoD3 windows and glass panels",
        "lod3Evidence": "Windows, glass panels, and crossbars are separate facade opening details."
      }
    },
    {
      "id": "basement-windows-149",
      "type": "Feature",
      "geometry": {
        "type": "Polygon",
        "coordinates": [
          [
            [
              106.69562091527058,
              10.776748319687128,
              19.65
            ],
            [
              106.69563452176585,
              10.77673628441119,
              19.65
            ],
            [
              106.69563421548199,
              10.776735950248089,
              19.65
            ],
            [
              106.69562060898672,
              10.776747985524027,
              19.65
            ]
          ]
        ]
      },
      "properties": {
        "id": "149",
        "blockName": "Cửa sổ",
        "height": 3.5,
        "sourceId": "149",
        "sourceFile": "basement-windows.geojson",
        "componentId": "basement-windows",
        "componentName": "Basement windows",
        "lodLevel": "LoD3",
        "lod3Category": "LoD3 windows and glass panels",
        "lod3Evidence": "Windows, glass panels, and crossbars are separate facade opening details."
      }
    },
    {
      "id": "basement-windows-150",
      "type": "Feature",
      "geometry": {
        "type": "Polygon",
        "coordinates": [
          [
            [
              106.69565391514611,
              10.776737282846675,
              19.65
            ],
            [
              106.69566616649323,
              10.776750649370033,
              19.65
            ],
            [
              106.69566650665563,
              10.776750348488227,
              19.65
            ],
            [
              106.69565425530851,
              10.776736981964872,
              19.65
            ]
          ]
        ]
      },
      "properties": {
        "id": "150",
        "blockName": "Cửa sổ",
        "height": 3.5,
        "sourceId": "150",
        "sourceFile": "basement-windows.geojson",
        "componentId": "basement-windows",
        "componentName": "Basement windows",
        "lodLevel": "LoD3",
        "lod3Category": "LoD3 windows and glass panels",
        "lod3Evidence": "Windows, glass panels, and crossbars are separate facade opening details."
      }
    },
    {
      "id": "basement-windows-151",
      "type": "Feature",
      "geometry": {
        "type": "Polygon",
        "coordinates": [
          [
            [
              106.695684543516,
              10.776770699154165,
              19.65
            ],
            [
              106.69569679486587,
              10.776784065676319,
              19.65
            ],
            [
              106.69569713502817,
              10.776783764794514,
              19.65
            ],
            [
              106.69568488367841,
              10.77677039827236,
              19.65
            ]
          ]
        ]
      },
      "properties": {
        "id": "151",
        "blockName": "Cửa sổ",
        "height": 3.5,
        "sourceId": "151",
        "sourceFile": "basement-windows.geojson",
        "componentId": "basement-windows",
        "componentName": "Basement windows",
        "lodLevel": "LoD3",
        "lod3Category": "LoD3 windows and glass panels",
        "lod3Evidence": "Windows, glass panels, and crossbars are separate facade opening details."
      }
    },
    {
      "id": "basement-windows-152",
      "type": "Feature",
      "geometry": {
        "type": "Polygon",
        "coordinates": [
          [
            [
              106.69577642866638,
              10.776870948058582,
              19.65
            ],
            [
              106.69578868002439,
              10.776884314577128,
              19.65
            ],
            [
              106.69578902018668,
              10.776884013695321,
              19.65
            ],
            [
              106.69577676882868,
              10.776870647176777,
              19.65
            ]
          ]
        ]
      },
      "properties": {
        "id": "152",
        "blockName": "Cửa sổ",
        "height": 3.5,
        "sourceId": "152",
        "sourceFile": "basement-windows.geojson",
        "componentId": "basement-windows",
        "componentName": "Basement windows",
        "lodLevel": "LoD3",
        "lod3Category": "LoD3 windows and glass panels",
        "lod3Evidence": "Windows, glass panels, and crossbars are separate facade opening details."
      }
    },
    {
      "id": "basement-windows-153",
      "type": "Feature",
      "geometry": {
        "type": "Polygon",
        "coordinates": [
          [
            [
              106.69580705706343,
              10.776904364354042,
              19.65
            ],
            [
              106.6958193084242,
              10.776917730871382,
              19.65
            ],
            [
              106.69581964858641,
              10.776917429989576,
              19.65
            ],
            [
              106.69580739722564,
              10.776904063472237,
              19.65
            ]
          ]
        ]
      },
      "properties": {
        "id": "153",
        "blockName": "Cửa sổ",
        "height": 3.5,
        "sourceId": "153",
        "sourceFile": "basement-windows.geojson",
        "componentId": "basement-windows",
        "componentName": "Basement windows",
        "lodLevel": "LoD3",
        "lod3Category": "LoD3 windows and glass panels",
        "lod3Evidence": "Windows, glass panels, and crossbars are separate facade opening details."
      }
    },
    {
      "id": "window-crossbars-154",
      "type": "Feature",
      "geometry": {
        "type": "Polygon",
        "coordinates": [
          [
            [
              106.69581829206487,
              10.77693678221308,
              24.6
            ],
            [
              106.69580468555648,
              10.776948817484566,
              24.6
            ],
            [
              106.69580499184033,
              10.776949151647667,
              24.6
            ],
            [
              106.69581859834872,
              10.776937116376178,
              24.6
            ]
          ]
        ]
      },
      "properties": {
        "id": "154",
        "blockName": "Ban công cửa sổ",
        "height": 1,
        "sourceId": "154",
        "sourceFile": "window-crossbars.geojson",
        "componentId": "window-crossbars",
        "componentName": "Window crossbars",
        "lodLevel": "LoD3",
        "lod3Category": "LoD3 windows and glass panels",
        "lod3Evidence": "Windows, glass panels, and crossbars are separate facade opening details."
      }
    },
    {
      "id": "window-crossbars-155",
      "type": "Feature",
      "geometry": {
        "type": "Polygon",
        "coordinates": [
          [
            [
              106.69578427579195,
              10.776966870390686,
              24.6
            ],
            [
              106.69577066928082,
              10.77697890566069,
              24.6
            ],
            [
              106.69577097556467,
              10.776979239823788,
              24.6
            ],
            [
              106.6957845820757,
              10.776967204553785,
              24.6
            ]
          ]
        ]
      },
      "properties": {
        "id": "155",
        "blockName": "Ban công cửa sổ",
        "height": 1,
        "sourceId": "155",
        "sourceFile": "window-crossbars.geojson",
        "componentId": "window-crossbars",
        "componentName": "Window crossbars",
        "lodLevel": "LoD3",
        "lod3Category": "LoD3 windows and glass panels",
        "lod3Evidence": "Windows, glass panels, and crossbars are separate facade opening details."
      }
    },
    {
      "id": "window-crossbars-156",
      "type": "Feature",
      "geometry": {
        "type": "Polygon",
        "coordinates": [
          [
            [
              106.69575025951221,
              10.776996958564583,
              24.6
            ],
            [
              106.69573665299842,
              10.777008993833105,
              24.6
            ],
            [
              106.69573695928219,
              10.777009327996202,
              24.6
            ],
            [
              106.69575056579596,
              10.776997292727682,
              24.6
            ]
          ]
        ]
      },
      "properties": {
        "id": "156",
        "blockName": "Ban công cửa sổ",
        "height": 1,
        "sourceId": "156",
        "sourceFile": "window-crossbars.geojson",
        "componentId": "window-crossbars",
        "componentName": "Window crossbars",
        "lodLevel": "LoD3",
        "lod3Category": "LoD3 windows and glass panels",
        "lod3Evidence": "Windows, glass panels, and crossbars are separate facade opening details."
      }
    },
    {
      "id": "window-crossbars-157",
      "type": "Feature",
      "geometry": {
        "type": "Polygon",
        "coordinates": [
          [
            [
              106.69526042569812,
              10.777430228816309,
              24.6
            ],
            [
              106.69527403222688,
              10.777418193543335,
              24.6
            ],
            [
              106.69527433851135,
              10.777418527706438,
              24.6
            ],
            [
              106.69526073198259,
              10.77743056297941,
              24.6
            ]
          ]
        ]
      },
      "properties": {
        "id": "157",
        "blockName": "Ban công cửa sổ",
        "height": 1,
        "sourceId": "157",
        "sourceFile": "window-crossbars.geojson",
        "componentId": "window-crossbars",
        "componentName": "Window crossbars",
        "lodLevel": "LoD3",
        "lod3Category": "LoD3 windows and glass panels",
        "lod3Evidence": "Windows, glass panels, and crossbars are separate facade opening details."
      }
    },
    {
      "id": "window-crossbars-158",
      "type": "Feature",
      "geometry": {
        "type": "Polygon",
        "coordinates": [
          [
            [
              106.69529444201797,
              10.777400140632766,
              24.6
            ],
            [
              106.69530804854398,
              10.777388105358312,
              24.6
            ],
            [
              106.69530835482853,
              10.777388439521411,
              24.6
            ],
            [
              106.69529474830243,
              10.777400474795867,
              24.6
            ]
          ]
        ]
      },
      "properties": {
        "id": "158",
        "blockName": "Ban công cửa sổ",
        "height": 1,
        "sourceId": "158",
        "sourceFile": "window-crossbars.geojson",
        "componentId": "window-crossbars",
        "componentName": "Window crossbars",
        "lodLevel": "LoD3",
        "lod3Category": "LoD3 windows and glass panels",
        "lod3Evidence": "Windows, glass panels, and crossbars are separate facade opening details."
      }
    },
    {
      "id": "window-crossbars-159",
      "type": "Feature",
      "geometry": {
        "type": "Polygon",
        "coordinates": [
          [
            [
              106.69532845833099,
              10.777370052445516,
              24.6
            ],
            [
              106.69534206485434,
              10.777358017169577,
              24.6
            ],
            [
              106.6953423711389,
              10.777358351332675,
              24.6
            ],
            [
              106.69532876461555,
              10.777370386608615,
              24.6
            ]
          ]
        ]
      },
      "properties": {
        "id": "159",
        "blockName": "Ban công cửa sổ",
        "height": 1,
        "sourceId": "159",
        "sourceFile": "window-crossbars.geojson",
        "componentId": "window-crossbars",
        "componentName": "Window crossbars",
        "lodLevel": "LoD3",
        "lod3Category": "LoD3 windows and glass panels",
        "lod3Evidence": "Windows, glass panels, and crossbars are separate facade opening details."
      }
    },
    {
      "id": "window-crossbars-160",
      "type": "Feature",
      "geometry": {
        "type": "Polygon",
        "coordinates": [
          [
            [
              106.69524103227012,
              10.777429230377544,
              24.6
            ],
            [
              106.69522878089664,
              10.777415863852985,
              24.6
            ],
            [
              106.69522844073343,
              10.777416164734792,
              24.6
            ],
            [
              106.69524069210681,
              10.77742953125935,
              24.6
            ]
          ]
        ]
      },
      "properties": {
        "id": "160",
        "blockName": "Ban công cửa sổ",
        "height": 1,
        "sourceId": "160",
        "sourceFile": "window-crossbars.geojson",
        "componentId": "window-crossbars",
        "componentName": "Window crossbars",
        "lodLevel": "LoD3",
        "lod3Category": "LoD3 windows and glass panels",
        "lod3Evidence": "Windows, glass panels, and crossbars are separate facade opening details."
      }
    },
    {
      "id": "window-crossbars-161",
      "type": "Feature",
      "geometry": {
        "type": "Polygon",
        "coordinates": [
          [
            [
              106.69521040383867,
              10.777395814065244,
              24.6
            ],
            [
              106.69519815246804,
              10.777382447539482,
              24.6
            ],
            [
              106.6951978123047,
              10.777382748421289,
              24.6
            ],
            [
              106.69521006367533,
              10.777396114947049,
              24.6
            ]
          ]
        ]
      },
      "properties": {
        "id": "161",
        "blockName": "Ban công cửa sổ",
        "height": 1,
        "sourceId": "161",
        "sourceFile": "window-crossbars.geojson",
        "componentId": "window-crossbars",
        "componentName": "Window crossbars",
        "lodLevel": "LoD3",
        "lod3Category": "LoD3 windows and glass panels",
        "lod3Evidence": "Windows, glass panels, and crossbars are separate facade opening details."
      }
    },
    {
      "id": "window-crossbars-162",
      "type": "Feature",
      "geometry": {
        "type": "Polygon",
        "coordinates": [
          [
            [
              106.69517977541402,
              10.777362397749934,
              24.6
            ],
            [
              106.69516752404614,
              10.777349031222972,
              24.6
            ],
            [
              106.6951671838827,
              10.777349332104778,
              24.6
            ],
            [
              106.6951794352507,
              10.777362698631743,
              24.6
            ]
          ]
        ]
      },
      "properties": {
        "id": "162",
        "blockName": "Ban công cửa sổ",
        "height": 1,
        "sourceId": "162",
        "sourceFile": "window-crossbars.geojson",
        "componentId": "window-crossbars",
        "componentName": "Window crossbars",
        "lodLevel": "LoD3",
        "lod3Category": "LoD3 windows and glass panels",
        "lod3Evidence": "Windows, glass panels, and crossbars are separate facade opening details."
      }
    },
    {
      "id": "window-crossbars-163",
      "type": "Feature",
      "geometry": {
        "type": "Polygon",
        "coordinates": [
          [
            [
              106.69514914699619,
              10.777328981431623,
              24.6
            ],
            [
              106.69513689563095,
              10.777315614903452,
              24.6
            ],
            [
              106.69513655546763,
              10.77731591578526,
              24.6
            ],
            [
              106.69514880683286,
              10.777329282313428,
              24.6
            ]
          ]
        ]
      },
      "properties": {
        "id": "163",
        "blockName": "Ban công cửa sổ",
        "height": 1,
        "sourceId": "163",
        "sourceFile": "window-crossbars.geojson",
        "componentId": "window-crossbars",
        "componentName": "Window crossbars",
        "lodLevel": "LoD3",
        "lod3Category": "LoD3 windows and glass panels",
        "lod3Evidence": "Windows, glass panels, and crossbars are separate facade opening details."
      }
    },
    {
      "id": "window-crossbars-164",
      "type": "Feature",
      "geometry": {
        "type": "Polygon",
        "coordinates": [
          [
            [
              106.69511851858519,
              10.777295565110299,
              24.6
            ],
            [
              106.69510626722268,
              10.777282198580927,
              24.6
            ],
            [
              106.69510592705926,
              10.777282499462734,
              24.6
            ],
            [
              106.69511817842175,
              10.777295865992105,
              24.6
            ]
          ]
        ]
      },
      "properties": {
        "id": "164",
        "blockName": "Ban công cửa sổ",
        "height": 1,
        "sourceId": "164",
        "sourceFile": "window-crossbars.geojson",
        "componentId": "window-crossbars",
        "componentName": "Window crossbars",
        "lodLevel": "LoD3",
        "lod3Category": "LoD3 windows and glass panels",
        "lod3Evidence": "Windows, glass panels, and crossbars are separate facade opening details."
      }
    },
    {
      "id": "window-crossbars-165",
      "type": "Feature",
      "geometry": {
        "type": "Polygon",
        "coordinates": [
          [
            [
              106.69508789018099,
              10.777262148785967,
              24.6
            ],
            [
              106.69507563882115,
              10.777248782255393,
              24.6
            ],
            [
              106.69507529865773,
              10.777249083137198,
              24.6
            ],
            [
              106.69508755001756,
              10.777262449667774,
              24.6
            ]
          ]
        ]
      },
      "properties": {
        "id": "165",
        "blockName": "Ban công cửa sổ",
        "height": 1,
        "sourceId": "165",
        "sourceFile": "window-crossbars.geojson",
        "componentId": "window-crossbars",
        "componentName": "Window crossbars",
        "lodLevel": "LoD3",
        "lod3Category": "LoD3 windows and glass panels",
        "lod3Evidence": "Windows, glass panels, and crossbars are separate facade opening details."
      }
    },
    {
      "id": "window-crossbars-166",
      "type": "Feature",
      "geometry": {
        "type": "Polygon",
        "coordinates": [
          [
            [
              106.6950766551926,
              10.777229730902809,
              24.6
            ],
            [
              106.69509026171228,
              10.77721769562984,
              24.6
            ],
            [
              106.69508995542813,
              10.777217361466743,
              24.6
            ],
            [
              106.69507634890843,
              10.777229396739711,
              24.6
            ]
          ]
        ]
      },
      "properties": {
        "id": "166",
        "blockName": "Ban công cửa sổ",
        "height": 1,
        "sourceId": "166",
        "sourceFile": "window-crossbars.geojson",
        "componentId": "window-crossbars",
        "componentName": "Window crossbars",
        "lodLevel": "LoD3",
        "lod3Category": "LoD3 windows and glass panels",
        "lod3Evidence": "Windows, glass panels, and crossbars are separate facade opening details."
      }
    },
    {
      "id": "window-crossbars-167",
      "type": "Feature",
      "geometry": {
        "type": "Polygon",
        "coordinates": [
          [
            [
              106.69511067148973,
              10.77719964271927,
              24.6
            ],
            [
              106.69512427800676,
              10.777187607444812,
              24.6
            ],
            [
              106.69512397172251,
              10.777187273281715,
              24.6
            ],
            [
              106.69511036520558,
              10.77719930855617,
              24.6
            ]
          ]
        ]
      },
      "properties": {
        "id": "167",
        "blockName": "Ban công cửa sổ",
        "height": 1,
        "sourceId": "167",
        "sourceFile": "window-crossbars.geojson",
        "componentId": "window-crossbars",
        "componentName": "Window crossbars",
        "lodLevel": "LoD3",
        "lod3Category": "LoD3 windows and glass panels",
        "lod3Evidence": "Windows, glass panels, and crossbars are separate facade opening details."
      }
    },
    {
      "id": "window-crossbars-168",
      "type": "Feature",
      "geometry": {
        "type": "Polygon",
        "coordinates": [
          [
            [
              106.69514468778016,
              10.777169554532017,
              24.6
            ],
            [
              106.69515829429446,
              10.777157519256077,
              24.6
            ],
            [
              106.6951579880102,
              10.77715718509298,
              24.6
            ],
            [
              106.6951443814959,
              10.777169220368917,
              24.6
            ]
          ]
        ]
      },
      "properties": {
        "id": "168",
        "blockName": "Ban công cửa sổ",
        "height": 1,
        "sourceId": "168",
        "sourceFile": "window-crossbars.geojson",
        "componentId": "window-crossbars",
        "componentName": "Window crossbars",
        "lodLevel": "LoD3",
        "lod3Category": "LoD3 windows and glass panels",
        "lod3Evidence": "Windows, glass panels, and crossbars are separate facade opening details."
      }
    },
    {
      "id": "window-crossbars-169",
      "type": "Feature",
      "geometry": {
        "type": "Polygon",
        "coordinates": [
          [
            [
              106.69512014392129,
              10.77696133440935,
              24.6
            ],
            [
              106.69510789256704,
              10.776947967884793,
              24.6
            ],
            [
              106.69510755240422,
              10.776948268766597,
              24.6
            ],
            [
              106.69511980375857,
              10.776961635291155,
              24.6
            ]
          ]
        ]
      },
      "properties": {
        "id": "169",
        "blockName": "Ban công cửa sổ",
        "height": 1,
        "sourceId": "169",
        "sourceFile": "window-crossbars.geojson",
        "componentId": "window-crossbars",
        "componentName": "Window crossbars",
        "lodLevel": "LoD3",
        "lod3Category": "LoD3 windows and glass panels",
        "lod3Evidence": "Windows, glass panels, and crossbars are separate facade opening details."
      }
    },
    {
      "id": "window-crossbars-170",
      "type": "Feature",
      "geometry": {
        "type": "Polygon",
        "coordinates": [
          [
            [
              106.69508951553756,
              10.77692791809705,
              24.6
            ],
            [
              106.69507726418585,
              10.776914551571288,
              24.6
            ],
            [
              106.69507692402316,
              10.776914852453093,
              24.6
            ],
            [
              106.69508917537475,
              10.776928218978856,
              24.6
            ]
          ]
        ]
      },
      "properties": {
        "id": "170",
        "blockName": "Ban công cửa sổ",
        "height": 1,
        "sourceId": "170",
        "sourceFile": "window-crossbars.geojson",
        "componentId": "window-crossbars",
        "componentName": "Window crossbars",
        "lodLevel": "LoD3",
        "lod3Category": "LoD3 windows and glass panels",
        "lod3Evidence": "Windows, glass panels, and crossbars are separate facade opening details."
      }
    },
    {
      "id": "window-crossbars-171",
      "type": "Feature",
      "geometry": {
        "type": "Polygon",
        "coordinates": [
          [
            [
              106.69505888716054,
              10.776894501781744,
              24.6
            ],
            [
              106.6950466358116,
              10.77688113525478,
              24.6
            ],
            [
              106.69504629564878,
              10.776881436136584,
              24.6
            ],
            [
              106.69505854699773,
              10.77689480266355,
              24.6
            ]
          ]
        ]
      },
      "properties": {
        "id": "171",
        "blockName": "Ban công cửa sổ",
        "height": 1,
        "sourceId": "171",
        "sourceFile": "window-crossbars.geojson",
        "componentId": "window-crossbars",
        "componentName": "Window crossbars",
        "lodLevel": "LoD3",
        "lod3Category": "LoD3 windows and glass panels",
        "lod3Evidence": "Windows, glass panels, and crossbars are separate facade opening details."
      }
    },
    {
      "id": "window-crossbars-172",
      "type": "Feature",
      "geometry": {
        "type": "Polygon",
        "coordinates": [
          [
            [
              106.69502825879024,
              10.77686108546343,
              24.6
            ],
            [
              106.69501600744415,
              10.77684771893526,
              24.6
            ],
            [
              106.69501566728133,
              10.776848019817065,
              24.6
            ],
            [
              106.69502791862743,
              10.776861386345233,
              24.6
            ]
          ]
        ]
      },
      "properties": {
        "id": "172",
        "blockName": "Ban công cửa sổ",
        "height": 1,
        "sourceId": "172",
        "sourceFile": "window-crossbars.geojson",
        "componentId": "window-crossbars",
        "componentName": "Window crossbars",
        "lodLevel": "LoD3",
        "lod3Category": "LoD3 windows and glass panels",
        "lod3Evidence": "Windows, glass panels, and crossbars are separate facade opening details."
      }
    },
    {
      "id": "window-crossbars-173",
      "type": "Feature",
      "geometry": {
        "type": "Polygon",
        "coordinates": [
          [
            [
              106.69499763042687,
              10.776827669142104,
              24.6
            ],
            [
              106.69498537908342,
              10.776814302612735,
              24.6
            ],
            [
              106.6949850389206,
              10.77681460349454,
              24.6
            ],
            [
              106.69499729026404,
              10.776827970023911,
              24.6
            ]
          ]
        ]
      },
      "properties": {
        "id": "173",
        "blockName": "Ban công cửa sổ",
        "height": 1,
        "sourceId": "173",
        "sourceFile": "window-crossbars.geojson",
        "componentId": "window-crossbars",
        "componentName": "Window crossbars",
        "lodLevel": "LoD3",
        "lod3Category": "LoD3 windows and glass panels",
        "lod3Evidence": "Windows, glass panels, and crossbars are separate facade opening details."
      }
    },
    {
      "id": "window-crossbars-174",
      "type": "Feature",
      "geometry": {
        "type": "Polygon",
        "coordinates": [
          [
            [
              106.69496700207021,
              10.776794252817778,
              24.6
            ],
            [
              106.69495475072951,
              10.776780886287202,
              24.6
            ],
            [
              106.6949544105667,
              10.776781187169007,
              24.6
            ],
            [
              106.69496666190739,
              10.776794553699581,
              24.6
            ]
          ]
        ]
      },
      "properties": {
        "id": "174",
        "blockName": "Ban công cửa sổ",
        "height": 1,
        "sourceId": "174",
        "sourceFile": "window-crossbars.geojson",
        "componentId": "window-crossbars",
        "componentName": "Window crossbars",
        "lodLevel": "LoD3",
        "lod3Category": "LoD3 windows and glass panels",
        "lod3Evidence": "Windows, glass panels, and crossbars are separate facade opening details."
      }
    },
    {
      "id": "window-crossbars-175",
      "type": "Feature",
      "geometry": {
        "type": "Polygon",
        "coordinates": [
          [
            [
              106.69495576709932,
              10.776761834934616,
              24.6
            ],
            [
              106.69496937359783,
              10.776749799661644,
              24.6
            ],
            [
              106.69496906731419,
              10.776749465498545,
              24.6
            ],
            [
              106.69495546081566,
              10.776761500771517,
              24.6
            ]
          ]
        ]
      },
      "properties": {
        "id": "175",
        "blockName": "Ban công cửa sổ",
        "height": 1,
        "sourceId": "175",
        "sourceFile": "window-crossbars.geojson",
        "componentId": "window-crossbars",
        "componentName": "Window crossbars",
        "lodLevel": "LoD3",
        "lod3Category": "LoD3 windows and glass panels",
        "lod3Evidence": "Windows, glass panels, and crossbars are separate facade opening details."
      }
    },
    {
      "id": "window-crossbars-176",
      "type": "Feature",
      "geometry": {
        "type": "Polygon",
        "coordinates": [
          [
            [
              106.69498978334364,
              10.776731746751075,
              24.6
            ],
            [
              106.69500338983941,
              10.776719711476622,
              24.6
            ],
            [
              106.69500308355575,
              10.776719377313523,
              24.6
            ],
            [
              106.69498947705988,
              10.776731412587974,
              24.6
            ]
          ]
        ]
      },
      "properties": {
        "id": "176",
        "blockName": "Ban công cửa sổ",
        "height": 1,
        "sourceId": "176",
        "sourceFile": "window-crossbars.geojson",
        "componentId": "window-crossbars",
        "componentName": "Window crossbars",
        "lodLevel": "LoD3",
        "lod3Category": "LoD3 windows and glass panels",
        "lod3Evidence": "Windows, glass panels, and crossbars are separate facade opening details."
      }
    },
    {
      "id": "window-crossbars-177",
      "type": "Feature",
      "geometry": {
        "type": "Polygon",
        "coordinates": [
          [
            [
              106.69512584825294,
              10.776611393979813,
              24.6
            ],
            [
              106.69513945473791,
              10.776599358699423,
              24.6
            ],
            [
              106.69513914845396,
              10.776599024536322,
              24.6
            ],
            [
              106.69512554196908,
              10.776611059816714,
              24.6
            ]
          ]
        ]
      },
      "properties": {
        "id": "177",
        "blockName": "Ban công cửa sổ",
        "height": 1,
        "sourceId": "177",
        "sourceFile": "window-crossbars.geojson",
        "componentId": "window-crossbars",
        "componentName": "Window crossbars",
        "lodLevel": "LoD3",
        "lod3Category": "LoD3 windows and glass panels",
        "lod3Evidence": "Windows, glass panels, and crossbars are separate facade opening details."
      }
    },
    {
      "id": "window-crossbars-178",
      "type": "Feature",
      "geometry": {
        "type": "Polygon",
        "coordinates": [
          [
            [
              106.69515986446326,
              10.776581305777722,
              24.6
            ],
            [
              106.69517347094549,
              10.77656927049585,
              24.6
            ],
            [
              106.69517316466155,
              10.77656893633275,
              24.6
            ],
            [
              106.69515955817931,
              10.776580971614623,
              24.6
            ]
          ]
        ]
      },
      "properties": {
        "id": "178",
        "blockName": "Ban công cửa sổ",
        "height": 1,
        "sourceId": "178",
        "sourceFile": "window-crossbars.geojson",
        "componentId": "window-crossbars",
        "componentName": "Window crossbars",
        "lodLevel": "LoD3",
        "lod3Category": "LoD3 windows and glass panels",
        "lod3Evidence": "Windows, glass panels, and crossbars are separate facade opening details."
      }
    },
    {
      "id": "window-crossbars-179",
      "type": "Feature",
      "geometry": {
        "type": "Polygon",
        "coordinates": [
          [
            [
              106.6951928643109,
              10.776570268926887,
              24.6
            ],
            [
              106.6952051156513,
              10.776583635450244,
              24.6
            ],
            [
              106.69520545581341,
              10.776583334568437,
              24.6
            ],
            [
              106.6951932044731,
              10.776569968045083,
              24.6
            ]
          ]
        ]
      },
      "properties": {
        "id": "179",
        "blockName": "Ban công cửa sổ",
        "height": 1,
        "sourceId": "179",
        "sourceFile": "window-crossbars.geojson",
        "componentId": "window-crossbars",
        "componentName": "Window crossbars",
        "lodLevel": "LoD3",
        "lod3Category": "LoD3 windows and glass panels",
        "lod3Evidence": "Windows, glass panels, and crossbars are separate facade opening details."
      }
    },
    {
      "id": "window-crossbars-180",
      "type": "Feature",
      "geometry": {
        "type": "Polygon",
        "coordinates": [
          [
            [
              106.6952234926638,
              10.776603685234376,
              24.6
            ],
            [
              106.69523574400684,
              10.77661705175653,
              24.6
            ],
            [
              106.69523608416895,
              10.776616750874725,
              24.6
            ],
            [
              106.69522383282589,
              10.776603384352569,
              24.6
            ]
          ]
        ]
      },
      "properties": {
        "id": "180",
        "blockName": "Ban công cửa sổ",
        "height": 1,
        "sourceId": "180",
        "sourceFile": "window-crossbars.geojson",
        "componentId": "window-crossbars",
        "componentName": "Window crossbars",
        "lodLevel": "LoD3",
        "lod3Category": "LoD3 windows and glass panels",
        "lod3Evidence": "Windows, glass panels, and crossbars are separate facade opening details."
      }
    },
    {
      "id": "window-crossbars-181",
      "type": "Feature",
      "geometry": {
        "type": "Polygon",
        "coordinates": [
          [
            [
              106.69525412102351,
              10.776637101538855,
              24.6
            ],
            [
              106.6952663723692,
              10.776650468059806,
              24.6
            ],
            [
              106.6952667125313,
              10.776650167178001,
              24.6
            ],
            [
              106.6952544611856,
              10.77663680065705,
              24.6
            ]
          ]
        ]
      },
      "properties": {
        "id": "181",
        "blockName": "Ban công cửa sổ",
        "height": 1,
        "sourceId": "181",
        "sourceFile": "window-crossbars.geojson",
        "componentId": "window-crossbars",
        "componentName": "Window crossbars",
        "lodLevel": "LoD3",
        "lod3Category": "LoD3 windows and glass panels",
        "lod3Evidence": "Windows, glass panels, and crossbars are separate facade opening details."
      }
    },
    {
      "id": "window-crossbars-182",
      "type": "Feature",
      "geometry": {
        "type": "Polygon",
        "coordinates": [
          [
            [
              106.69528474938993,
              10.77667051784033,
              24.6
            ],
            [
              106.69529700073838,
              10.776683884360077,
              24.6
            ],
            [
              106.69529734090048,
              10.776683583478274,
              24.6
            ],
            [
              106.69528508955204,
              10.776670216958525,
              24.6
            ]
          ]
        ]
      },
      "properties": {
        "id": "182",
        "blockName": "Ban công cửa sổ",
        "height": 1,
        "sourceId": "182",
        "sourceFile": "window-crossbars.geojson",
        "componentId": "window-crossbars",
        "componentName": "Window crossbars",
        "lodLevel": "LoD3",
        "lod3Category": "LoD3 windows and glass panels",
        "lod3Evidence": "Windows, glass panels, and crossbars are separate facade opening details."
      }
    },
    {
      "id": "window-crossbars-183",
      "type": "Feature",
      "geometry": {
        "type": "Polygon",
        "coordinates": [
          [
            [
              106.69531537776318,
              10.776703934138796,
              24.6
            ],
            [
              106.69532762911437,
              10.776717300657339,
              24.6
            ],
            [
              106.69532796927648,
              10.776716999775532,
              24.6
            ],
            [
              106.69531571792528,
              10.77670363325699,
              24.6
            ]
          ]
        ]
      },
      "properties": {
        "id": "183",
        "blockName": "Ban công cửa sổ",
        "height": 1,
        "sourceId": "183",
        "sourceFile": "window-crossbars.geojson",
        "componentId": "window-crossbars",
        "componentName": "Window crossbars",
        "lodLevel": "LoD3",
        "lod3Category": "LoD3 windows and glass panels",
        "lod3Evidence": "Windows, glass panels, and crossbars are separate facade opening details."
      }
    },
    {
      "id": "window-crossbars-184",
      "type": "Feature",
      "geometry": {
        "type": "Polygon",
        "coordinates": [
          [
            [
              106.69534600614325,
              10.776737350434255,
              24.6
            ],
            [
              106.69535825749719,
              10.776750716951595,
              24.6
            ],
            [
              106.69535859765918,
              10.776750416069788,
              24.6
            ],
            [
              106.69534634630526,
              10.776737049552448,
              24.6
            ]
          ]
        ]
      },
      "properties": {
        "id": "184",
        "blockName": "Ban công cửa sổ",
        "height": 1,
        "sourceId": "184",
        "sourceFile": "window-crossbars.geojson",
        "componentId": "window-crossbars",
        "componentName": "Window crossbars",
        "lodLevel": "LoD3",
        "lod3Category": "LoD3 windows and glass panels",
        "lod3Evidence": "Windows, glass panels, and crossbars are separate facade opening details."
      }
    },
    {
      "id": "window-crossbars-185",
      "type": "Feature",
      "geometry": {
        "type": "Polygon",
        "coordinates": [
          [
            [
              106.69555288277816,
              10.77680849605792,
              24.6
            ],
            [
              106.69556648927883,
              10.776796460784949,
              24.6
            ],
            [
              106.69556618299507,
              10.776796126621852,
              24.6
            ],
            [
              106.69555257649442,
              10.77680816189482,
              24.6
            ]
          ]
        ]
      },
      "properties": {
        "id": "185",
        "blockName": "Ban công cửa sổ",
        "height": 1,
        "sourceId": "185",
        "sourceFile": "window-crossbars.geojson",
        "componentId": "window-crossbars",
        "componentName": "Window crossbars",
        "lodLevel": "LoD3",
        "lod3Category": "LoD3 windows and glass panels",
        "lod3Evidence": "Windows, glass panels, and crossbars are separate facade opening details."
      }
    },
    {
      "id": "window-crossbars-186",
      "type": "Feature",
      "geometry": {
        "type": "Polygon",
        "coordinates": [
          [
            [
              106.69558689902777,
              10.776778407874378,
              24.6
            ],
            [
              106.69560050552569,
              10.776766372599926,
              24.6
            ],
            [
              106.69560019924195,
              10.776766038436824,
              24.6
            ],
            [
              106.69558659274404,
              10.776778073711279,
              24.6
            ]
          ]
        ]
      },
      "properties": {
        "id": "186",
        "blockName": "Ban công cửa sổ",
        "height": 1,
        "sourceId": "186",
        "sourceFile": "window-crossbars.geojson",
        "componentId": "window-crossbars",
        "componentName": "Window crossbars",
        "lodLevel": "LoD3",
        "lod3Category": "LoD3 windows and glass panels",
        "lod3Evidence": "Windows, glass panels, and crossbars are separate facade opening details."
      }
    },
    {
      "id": "window-crossbars-187",
      "type": "Feature",
      "geometry": {
        "type": "Polygon",
        "coordinates": [
          [
            [
              106.69562091527058,
              10.776748319687128,
              24.6
            ],
            [
              106.69563452176585,
              10.77673628441119,
              24.6
            ],
            [
              106.69563421548199,
              10.776735950248089,
              24.6
            ],
            [
              106.69562060898672,
              10.776747985524027,
              24.6
            ]
          ]
        ]
      },
      "properties": {
        "id": "187",
        "blockName": "Ban công cửa sổ",
        "height": 1,
        "sourceId": "187",
        "sourceFile": "window-crossbars.geojson",
        "componentId": "window-crossbars",
        "componentName": "Window crossbars",
        "lodLevel": "LoD3",
        "lod3Category": "LoD3 windows and glass panels",
        "lod3Evidence": "Windows, glass panels, and crossbars are separate facade opening details."
      }
    },
    {
      "id": "window-crossbars-188",
      "type": "Feature",
      "geometry": {
        "type": "Polygon",
        "coordinates": [
          [
            [
              106.69565391514611,
              10.776737282846675,
              24.6
            ],
            [
              106.69566616649323,
              10.776750649370033,
              24.6
            ],
            [
              106.69566650665563,
              10.776750348488227,
              24.6
            ],
            [
              106.69565425530851,
              10.776736981964872,
              24.6
            ]
          ]
        ]
      },
      "properties": {
        "id": "188",
        "blockName": "Ban công cửa sổ",
        "height": 1,
        "sourceId": "188",
        "sourceFile": "window-crossbars.geojson",
        "componentId": "window-crossbars",
        "componentName": "Window crossbars",
        "lodLevel": "LoD3",
        "lod3Category": "LoD3 windows and glass panels",
        "lod3Evidence": "Windows, glass panels, and crossbars are separate facade opening details."
      }
    },
    {
      "id": "window-crossbars-189",
      "type": "Feature",
      "geometry": {
        "type": "Polygon",
        "coordinates": [
          [
            [
              106.695684543516,
              10.776770699154165,
              24.6
            ],
            [
              106.69569679486587,
              10.776784065676319,
              24.6
            ],
            [
              106.69569713502817,
              10.776783764794514,
              24.6
            ],
            [
              106.69568488367841,
              10.77677039827236,
              24.6
            ]
          ]
        ]
      },
      "properties": {
        "id": "189",
        "blockName": "Ban công cửa sổ",
        "height": 1,
        "sourceId": "189",
        "sourceFile": "window-crossbars.geojson",
        "componentId": "window-crossbars",
        "componentName": "Window crossbars",
        "lodLevel": "LoD3",
        "lod3Category": "LoD3 windows and glass panels",
        "lod3Evidence": "Windows, glass panels, and crossbars are separate facade opening details."
      }
    },
    {
      "id": "window-crossbars-190",
      "type": "Feature",
      "geometry": {
        "type": "Polygon",
        "coordinates": [
          [
            [
              106.6957151718927,
              10.776804115458646,
              24.6
            ],
            [
              106.69572742324522,
              10.776817481979595,
              24.6
            ],
            [
              106.69572776340752,
              10.77681718109779,
              24.6
            ],
            [
              106.695715512055,
              10.776803814576839,
              24.6
            ]
          ]
        ]
      },
      "properties": {
        "id": "190",
        "blockName": "Ban công cửa sổ",
        "height": 1,
        "sourceId": "190",
        "sourceFile": "window-crossbars.geojson",
        "componentId": "window-crossbars",
        "componentName": "Window crossbars",
        "lodLevel": "LoD3",
        "lod3Category": "LoD3 windows and glass panels",
        "lod3Evidence": "Windows, glass panels, and crossbars are separate facade opening details."
      }
    },
    {
      "id": "window-crossbars-191",
      "type": "Feature",
      "geometry": {
        "type": "Polygon",
        "coordinates": [
          [
            [
              106.69574580027614,
              10.776837531760117,
              24.6
            ],
            [
              106.69575805163139,
              10.776850898279866,
              24.6
            ],
            [
              106.6957583917937,
              10.77685059739806,
              24.6
            ],
            [
              106.69574614043843,
              10.776837230878312,
              24.6
            ]
          ]
        ]
      },
      "properties": {
        "id": "191",
        "blockName": "Ban công cửa sổ",
        "height": 1,
        "sourceId": "191",
        "sourceFile": "window-crossbars.geojson",
        "componentId": "window-crossbars",
        "componentName": "Window crossbars",
        "lodLevel": "LoD3",
        "lod3Category": "LoD3 windows and glass panels",
        "lod3Evidence": "Windows, glass panels, and crossbars are separate facade opening details."
      }
    },
    {
      "id": "window-crossbars-192",
      "type": "Feature",
      "geometry": {
        "type": "Polygon",
        "coordinates": [
          [
            [
              106.69577642866638,
              10.776870948058582,
              24.6
            ],
            [
              106.69578868002439,
              10.776884314577128,
              24.6
            ],
            [
              106.69578902018668,
              10.776884013695321,
              24.6
            ],
            [
              106.69577676882868,
              10.776870647176777,
              24.6
            ]
          ]
        ]
      },
      "properties": {
        "id": "192",
        "blockName": "Ban công cửa sổ",
        "height": 1,
        "sourceId": "192",
        "sourceFile": "window-crossbars.geojson",
        "componentId": "window-crossbars",
        "componentName": "Window crossbars",
        "lodLevel": "LoD3",
        "lod3Category": "LoD3 windows and glass panels",
        "lod3Evidence": "Windows, glass panels, and crossbars are separate facade opening details."
      }
    },
    {
      "id": "window-crossbars-193",
      "type": "Feature",
      "geometry": {
        "type": "Polygon",
        "coordinates": [
          [
            [
              106.69580705706343,
              10.776904364354042,
              24.6
            ],
            [
              106.6958193084242,
              10.776917730871382,
              24.6
            ],
            [
              106.69581964858641,
              10.776917429989576,
              24.6
            ],
            [
              106.69580739722564,
              10.776904063472237,
              24.6
            ]
          ]
        ]
      },
      "properties": {
        "id": "193",
        "blockName": "Ban công cửa sổ",
        "height": 1,
        "sourceId": "193",
        "sourceFile": "window-crossbars.geojson",
        "componentId": "window-crossbars",
        "componentName": "Window crossbars",
        "lodLevel": "LoD3",
        "lod3Category": "LoD3 windows and glass panels",
        "lod3Evidence": "Windows, glass panels, and crossbars are separate facade opening details."
      }
    },
    {
      "id": "window-crossbars-194",
      "type": "Feature",
      "geometry": {
        "type": "Polygon",
        "coordinates": [
          [
            [
              106.69581829206487,
              10.77693678221308,
              29.6
            ],
            [
              106.69580468555648,
              10.776948817484566,
              29.6
            ],
            [
              106.69580499184033,
              10.776949151647667,
              29.6
            ],
            [
              106.69581859834872,
              10.776937116376178,
              29.6
            ]
          ]
        ]
      },
      "properties": {
        "id": "194",
        "blockName": "Ban công cửa sổ",
        "height": 1,
        "sourceId": "194",
        "sourceFile": "window-crossbars.geojson",
        "componentId": "window-crossbars",
        "componentName": "Window crossbars",
        "lodLevel": "LoD3",
        "lod3Category": "LoD3 windows and glass panels",
        "lod3Evidence": "Windows, glass panels, and crossbars are separate facade opening details."
      }
    },
    {
      "id": "window-crossbars-195",
      "type": "Feature",
      "geometry": {
        "type": "Polygon",
        "coordinates": [
          [
            [
              106.69578427579195,
              10.776966870390686,
              29.6
            ],
            [
              106.69577066928082,
              10.77697890566069,
              29.6
            ],
            [
              106.69577097556467,
              10.776979239823788,
              29.6
            ],
            [
              106.6957845820757,
              10.776967204553785,
              29.6
            ]
          ]
        ]
      },
      "properties": {
        "id": "195",
        "blockName": "Ban công cửa sổ",
        "height": 1,
        "sourceId": "195",
        "sourceFile": "window-crossbars.geojson",
        "componentId": "window-crossbars",
        "componentName": "Window crossbars",
        "lodLevel": "LoD3",
        "lod3Category": "LoD3 windows and glass panels",
        "lod3Evidence": "Windows, glass panels, and crossbars are separate facade opening details."
      }
    },
    {
      "id": "window-crossbars-196",
      "type": "Feature",
      "geometry": {
        "type": "Polygon",
        "coordinates": [
          [
            [
              106.69575025951221,
              10.776996958564583,
              29.6
            ],
            [
              106.69573665299842,
              10.777008993833105,
              29.6
            ],
            [
              106.69573695928219,
              10.777009327996202,
              29.6
            ],
            [
              106.69575056579596,
              10.776997292727682,
              29.6
            ]
          ]
        ]
      },
      "properties": {
        "id": "196",
        "blockName": "Ban công cửa sổ",
        "height": 1,
        "sourceId": "196",
        "sourceFile": "window-crossbars.geojson",
        "componentId": "window-crossbars",
        "componentName": "Window crossbars",
        "lodLevel": "LoD3",
        "lod3Category": "LoD3 windows and glass panels",
        "lod3Evidence": "Windows, glass panels, and crossbars are separate facade opening details."
      }
    },
    {
      "id": "window-crossbars-197",
      "type": "Feature",
      "geometry": {
        "type": "Polygon",
        "coordinates": [
          [
            [
              106.69526042569812,
              10.777430228816309,
              29.6
            ],
            [
              106.69527403222688,
              10.777418193543335,
              29.6
            ],
            [
              106.69527433851135,
              10.777418527706438,
              29.6
            ],
            [
              106.69526073198259,
              10.77743056297941,
              29.6
            ]
          ]
        ]
      },
      "properties": {
        "id": "197",
        "blockName": "Ban công cửa sổ",
        "height": 1,
        "sourceId": "197",
        "sourceFile": "window-crossbars.geojson",
        "componentId": "window-crossbars",
        "componentName": "Window crossbars",
        "lodLevel": "LoD3",
        "lod3Category": "LoD3 windows and glass panels",
        "lod3Evidence": "Windows, glass panels, and crossbars are separate facade opening details."
      }
    },
    {
      "id": "window-crossbars-198",
      "type": "Feature",
      "geometry": {
        "type": "Polygon",
        "coordinates": [
          [
            [
              106.69529444201797,
              10.777400140632766,
              29.6
            ],
            [
              106.69530804854398,
              10.777388105358312,
              29.6
            ],
            [
              106.69530835482853,
              10.777388439521411,
              29.6
            ],
            [
              106.69529474830243,
              10.777400474795867,
              29.6
            ]
          ]
        ]
      },
      "properties": {
        "id": "198",
        "blockName": "Ban công cửa sổ",
        "height": 1,
        "sourceId": "198",
        "sourceFile": "window-crossbars.geojson",
        "componentId": "window-crossbars",
        "componentName": "Window crossbars",
        "lodLevel": "LoD3",
        "lod3Category": "LoD3 windows and glass panels",
        "lod3Evidence": "Windows, glass panels, and crossbars are separate facade opening details."
      }
    },
    {
      "id": "window-crossbars-199",
      "type": "Feature",
      "geometry": {
        "type": "Polygon",
        "coordinates": [
          [
            [
              106.69532845833099,
              10.777370052445516,
              29.6
            ],
            [
              106.69534206485434,
              10.777358017169577,
              29.6
            ],
            [
              106.6953423711389,
              10.777358351332675,
              29.6
            ],
            [
              106.69532876461555,
              10.777370386608615,
              29.6
            ]
          ]
        ]
      },
      "properties": {
        "id": "199",
        "blockName": "Ban công cửa sổ",
        "height": 1,
        "sourceId": "199",
        "sourceFile": "window-crossbars.geojson",
        "componentId": "window-crossbars",
        "componentName": "Window crossbars",
        "lodLevel": "LoD3",
        "lod3Category": "LoD3 windows and glass panels",
        "lod3Evidence": "Windows, glass panels, and crossbars are separate facade opening details."
      }
    },
    {
      "id": "window-crossbars-200",
      "type": "Feature",
      "geometry": {
        "type": "Polygon",
        "coordinates": [
          [
            [
              106.69524103227012,
              10.777429230377544,
              29.6
            ],
            [
              106.69522878089664,
              10.777415863852985,
              29.6
            ],
            [
              106.69522844073343,
              10.777416164734792,
              29.6
            ],
            [
              106.69524069210681,
              10.77742953125935,
              29.6
            ]
          ]
        ]
      },
      "properties": {
        "id": "200",
        "blockName": "Ban công cửa sổ",
        "height": 1,
        "sourceId": "200",
        "sourceFile": "window-crossbars.geojson",
        "componentId": "window-crossbars",
        "componentName": "Window crossbars",
        "lodLevel": "LoD3",
        "lod3Category": "LoD3 windows and glass panels",
        "lod3Evidence": "Windows, glass panels, and crossbars are separate facade opening details."
      }
    },
    {
      "id": "window-crossbars-201",
      "type": "Feature",
      "geometry": {
        "type": "Polygon",
        "coordinates": [
          [
            [
              106.69521040383867,
              10.777395814065244,
              29.6
            ],
            [
              106.69519815246804,
              10.777382447539482,
              29.6
            ],
            [
              106.6951978123047,
              10.777382748421289,
              29.6
            ],
            [
              106.69521006367533,
              10.777396114947049,
              29.6
            ]
          ]
        ]
      },
      "properties": {
        "id": "201",
        "blockName": "Ban công cửa sổ",
        "height": 1,
        "sourceId": "201",
        "sourceFile": "window-crossbars.geojson",
        "componentId": "window-crossbars",
        "componentName": "Window crossbars",
        "lodLevel": "LoD3",
        "lod3Category": "LoD3 windows and glass panels",
        "lod3Evidence": "Windows, glass panels, and crossbars are separate facade opening details."
      }
    },
    {
      "id": "window-crossbars-202",
      "type": "Feature",
      "geometry": {
        "type": "Polygon",
        "coordinates": [
          [
            [
              106.69517977541402,
              10.777362397749934,
              29.6
            ],
            [
              106.69516752404614,
              10.777349031222972,
              29.6
            ],
            [
              106.6951671838827,
              10.777349332104778,
              29.6
            ],
            [
              106.6951794352507,
              10.777362698631743,
              29.6
            ]
          ]
        ]
      },
      "properties": {
        "id": "202",
        "blockName": "Ban công cửa sổ",
        "height": 1,
        "sourceId": "202",
        "sourceFile": "window-crossbars.geojson",
        "componentId": "window-crossbars",
        "componentName": "Window crossbars",
        "lodLevel": "LoD3",
        "lod3Category": "LoD3 windows and glass panels",
        "lod3Evidence": "Windows, glass panels, and crossbars are separate facade opening details."
      }
    },
    {
      "id": "window-crossbars-203",
      "type": "Feature",
      "geometry": {
        "type": "Polygon",
        "coordinates": [
          [
            [
              106.69514914699619,
              10.777328981431623,
              29.6
            ],
            [
              106.69513689563095,
              10.777315614903452,
              29.6
            ],
            [
              106.69513655546763,
              10.77731591578526,
              29.6
            ],
            [
              106.69514880683286,
              10.777329282313428,
              29.6
            ]
          ]
        ]
      },
      "properties": {
        "id": "203",
        "blockName": "Ban công cửa sổ",
        "height": 1,
        "sourceId": "203",
        "sourceFile": "window-crossbars.geojson",
        "componentId": "window-crossbars",
        "componentName": "Window crossbars",
        "lodLevel": "LoD3",
        "lod3Category": "LoD3 windows and glass panels",
        "lod3Evidence": "Windows, glass panels, and crossbars are separate facade opening details."
      }
    },
    {
      "id": "window-crossbars-204",
      "type": "Feature",
      "geometry": {
        "type": "Polygon",
        "coordinates": [
          [
            [
              106.69511851858519,
              10.777295565110299,
              29.6
            ],
            [
              106.69510626722268,
              10.777282198580927,
              29.6
            ],
            [
              106.69510592705926,
              10.777282499462734,
              29.6
            ],
            [
              106.69511817842175,
              10.777295865992105,
              29.6
            ]
          ]
        ]
      },
      "properties": {
        "id": "204",
        "blockName": "Ban công cửa sổ",
        "height": 1,
        "sourceId": "204",
        "sourceFile": "window-crossbars.geojson",
        "componentId": "window-crossbars",
        "componentName": "Window crossbars",
        "lodLevel": "LoD3",
        "lod3Category": "LoD3 windows and glass panels",
        "lod3Evidence": "Windows, glass panels, and crossbars are separate facade opening details."
      }
    },
    {
      "id": "window-crossbars-205",
      "type": "Feature",
      "geometry": {
        "type": "Polygon",
        "coordinates": [
          [
            [
              106.69508789018099,
              10.777262148785967,
              29.6
            ],
            [
              106.69507563882115,
              10.777248782255393,
              29.6
            ],
            [
              106.69507529865773,
              10.777249083137198,
              29.6
            ],
            [
              106.69508755001756,
              10.777262449667774,
              29.6
            ]
          ]
        ]
      },
      "properties": {
        "id": "205",
        "blockName": "Ban công cửa sổ",
        "height": 1,
        "sourceId": "205",
        "sourceFile": "window-crossbars.geojson",
        "componentId": "window-crossbars",
        "componentName": "Window crossbars",
        "lodLevel": "LoD3",
        "lod3Category": "LoD3 windows and glass panels",
        "lod3Evidence": "Windows, glass panels, and crossbars are separate facade opening details."
      }
    },
    {
      "id": "window-crossbars-206",
      "type": "Feature",
      "geometry": {
        "type": "Polygon",
        "coordinates": [
          [
            [
              106.6950766551926,
              10.777229730902809,
              29.6
            ],
            [
              106.69509026171228,
              10.77721769562984,
              29.6
            ],
            [
              106.69508995542813,
              10.777217361466743,
              29.6
            ],
            [
              106.69507634890843,
              10.777229396739711,
              29.6
            ]
          ]
        ]
      },
      "properties": {
        "id": "206",
        "blockName": "Ban công cửa sổ",
        "height": 1,
        "sourceId": "206",
        "sourceFile": "window-crossbars.geojson",
        "componentId": "window-crossbars",
        "componentName": "Window crossbars",
        "lodLevel": "LoD3",
        "lod3Category": "LoD3 windows and glass panels",
        "lod3Evidence": "Windows, glass panels, and crossbars are separate facade opening details."
      }
    },
    {
      "id": "window-crossbars-207",
      "type": "Feature",
      "geometry": {
        "type": "Polygon",
        "coordinates": [
          [
            [
              106.69511067148973,
              10.77719964271927,
              29.6
            ],
            [
              106.69512427800676,
              10.777187607444812,
              29.6
            ],
            [
              106.69512397172251,
              10.777187273281715,
              29.6
            ],
            [
              106.69511036520558,
              10.77719930855617,
              29.6
            ]
          ]
        ]
      },
      "properties": {
        "id": "207",
        "blockName": "Ban công cửa sổ",
        "height": 1,
        "sourceId": "207",
        "sourceFile": "window-crossbars.geojson",
        "componentId": "window-crossbars",
        "componentName": "Window crossbars",
        "lodLevel": "LoD3",
        "lod3Category": "LoD3 windows and glass panels",
        "lod3Evidence": "Windows, glass panels, and crossbars are separate facade opening details."
      }
    },
    {
      "id": "window-crossbars-208",
      "type": "Feature",
      "geometry": {
        "type": "Polygon",
        "coordinates": [
          [
            [
              106.69514468778016,
              10.777169554532017,
              29.6
            ],
            [
              106.69515829429446,
              10.777157519256077,
              29.6
            ],
            [
              106.6951579880102,
              10.77715718509298,
              29.6
            ],
            [
              106.6951443814959,
              10.777169220368917,
              29.6
            ]
          ]
        ]
      },
      "properties": {
        "id": "208",
        "blockName": "Ban công cửa sổ",
        "height": 1,
        "sourceId": "208",
        "sourceFile": "window-crossbars.geojson",
        "componentId": "window-crossbars",
        "componentName": "Window crossbars",
        "lodLevel": "LoD3",
        "lod3Category": "LoD3 windows and glass panels",
        "lod3Evidence": "Windows, glass panels, and crossbars are separate facade opening details."
      }
    },
    {
      "id": "window-crossbars-209",
      "type": "Feature",
      "geometry": {
        "type": "Polygon",
        "coordinates": [
          [
            [
              106.69512014392129,
              10.77696133440935,
              29.6
            ],
            [
              106.69510789256704,
              10.776947967884793,
              29.6
            ],
            [
              106.69510755240422,
              10.776948268766597,
              29.6
            ],
            [
              106.69511980375857,
              10.776961635291155,
              29.6
            ]
          ]
        ]
      },
      "properties": {
        "id": "209",
        "blockName": "Ban công cửa sổ",
        "height": 1,
        "sourceId": "209",
        "sourceFile": "window-crossbars.geojson",
        "componentId": "window-crossbars",
        "componentName": "Window crossbars",
        "lodLevel": "LoD3",
        "lod3Category": "LoD3 windows and glass panels",
        "lod3Evidence": "Windows, glass panels, and crossbars are separate facade opening details."
      }
    },
    {
      "id": "window-crossbars-210",
      "type": "Feature",
      "geometry": {
        "type": "Polygon",
        "coordinates": [
          [
            [
              106.69508951553756,
              10.77692791809705,
              29.6
            ],
            [
              106.69507726418585,
              10.776914551571288,
              29.6
            ],
            [
              106.69507692402316,
              10.776914852453093,
              29.6
            ],
            [
              106.69508917537475,
              10.776928218978856,
              29.6
            ]
          ]
        ]
      },
      "properties": {
        "id": "210",
        "blockName": "Ban công cửa sổ",
        "height": 1,
        "sourceId": "210",
        "sourceFile": "window-crossbars.geojson",
        "componentId": "window-crossbars",
        "componentName": "Window crossbars",
        "lodLevel": "LoD3",
        "lod3Category": "LoD3 windows and glass panels",
        "lod3Evidence": "Windows, glass panels, and crossbars are separate facade opening details."
      }
    },
    {
      "id": "window-crossbars-211",
      "type": "Feature",
      "geometry": {
        "type": "Polygon",
        "coordinates": [
          [
            [
              106.69505888716054,
              10.776894501781744,
              29.6
            ],
            [
              106.6950466358116,
              10.77688113525478,
              29.6
            ],
            [
              106.69504629564878,
              10.776881436136584,
              29.6
            ],
            [
              106.69505854699773,
              10.77689480266355,
              29.6
            ]
          ]
        ]
      },
      "properties": {
        "id": "211",
        "blockName": "Ban công cửa sổ",
        "height": 1,
        "sourceId": "211",
        "sourceFile": "window-crossbars.geojson",
        "componentId": "window-crossbars",
        "componentName": "Window crossbars",
        "lodLevel": "LoD3",
        "lod3Category": "LoD3 windows and glass panels",
        "lod3Evidence": "Windows, glass panels, and crossbars are separate facade opening details."
      }
    },
    {
      "id": "window-crossbars-212",
      "type": "Feature",
      "geometry": {
        "type": "Polygon",
        "coordinates": [
          [
            [
              106.69502825879024,
              10.77686108546343,
              29.6
            ],
            [
              106.69501600744415,
              10.77684771893526,
              29.6
            ],
            [
              106.69501566728133,
              10.776848019817065,
              29.6
            ],
            [
              106.69502791862743,
              10.776861386345233,
              29.6
            ]
          ]
        ]
      },
      "properties": {
        "id": "212",
        "blockName": "Ban công cửa sổ",
        "height": 1,
        "sourceId": "212",
        "sourceFile": "window-crossbars.geojson",
        "componentId": "window-crossbars",
        "componentName": "Window crossbars",
        "lodLevel": "LoD3",
        "lod3Category": "LoD3 windows and glass panels",
        "lod3Evidence": "Windows, glass panels, and crossbars are separate facade opening details."
      }
    },
    {
      "id": "window-crossbars-213",
      "type": "Feature",
      "geometry": {
        "type": "Polygon",
        "coordinates": [
          [
            [
              106.69499763042687,
              10.776827669142104,
              29.6
            ],
            [
              106.69498537908342,
              10.776814302612735,
              29.6
            ],
            [
              106.6949850389206,
              10.77681460349454,
              29.6
            ],
            [
              106.69499729026404,
              10.776827970023911,
              29.6
            ]
          ]
        ]
      },
      "properties": {
        "id": "213",
        "blockName": "Ban công cửa sổ",
        "height": 1,
        "sourceId": "213",
        "sourceFile": "window-crossbars.geojson",
        "componentId": "window-crossbars",
        "componentName": "Window crossbars",
        "lodLevel": "LoD3",
        "lod3Category": "LoD3 windows and glass panels",
        "lod3Evidence": "Windows, glass panels, and crossbars are separate facade opening details."
      }
    },
    {
      "id": "window-crossbars-214",
      "type": "Feature",
      "geometry": {
        "type": "Polygon",
        "coordinates": [
          [
            [
              106.69496700207021,
              10.776794252817778,
              29.6
            ],
            [
              106.69495475072951,
              10.776780886287202,
              29.6
            ],
            [
              106.6949544105667,
              10.776781187169007,
              29.6
            ],
            [
              106.69496666190739,
              10.776794553699581,
              29.6
            ]
          ]
        ]
      },
      "properties": {
        "id": "214",
        "blockName": "Ban công cửa sổ",
        "height": 1,
        "sourceId": "214",
        "sourceFile": "window-crossbars.geojson",
        "componentId": "window-crossbars",
        "componentName": "Window crossbars",
        "lodLevel": "LoD3",
        "lod3Category": "LoD3 windows and glass panels",
        "lod3Evidence": "Windows, glass panels, and crossbars are separate facade opening details."
      }
    },
    {
      "id": "window-crossbars-215",
      "type": "Feature",
      "geometry": {
        "type": "Polygon",
        "coordinates": [
          [
            [
              106.69495576709932,
              10.776761834934616,
              29.6
            ],
            [
              106.69496937359783,
              10.776749799661644,
              29.6
            ],
            [
              106.69496906731419,
              10.776749465498545,
              29.6
            ],
            [
              106.69495546081566,
              10.776761500771517,
              29.6
            ]
          ]
        ]
      },
      "properties": {
        "id": "215",
        "blockName": "Ban công cửa sổ",
        "height": 1,
        "sourceId": "215",
        "sourceFile": "window-crossbars.geojson",
        "componentId": "window-crossbars",
        "componentName": "Window crossbars",
        "lodLevel": "LoD3",
        "lod3Category": "LoD3 windows and glass panels",
        "lod3Evidence": "Windows, glass panels, and crossbars are separate facade opening details."
      }
    },
    {
      "id": "window-crossbars-216",
      "type": "Feature",
      "geometry": {
        "type": "Polygon",
        "coordinates": [
          [
            [
              106.69498978334364,
              10.776731746751075,
              29.6
            ],
            [
              106.69500338983941,
              10.776719711476622,
              29.6
            ],
            [
              106.69500308355575,
              10.776719377313523,
              29.6
            ],
            [
              106.69498947705988,
              10.776731412587974,
              29.6
            ]
          ]
        ]
      },
      "properties": {
        "id": "216",
        "blockName": "Ban công cửa sổ",
        "height": 1,
        "sourceId": "216",
        "sourceFile": "window-crossbars.geojson",
        "componentId": "window-crossbars",
        "componentName": "Window crossbars",
        "lodLevel": "LoD3",
        "lod3Category": "LoD3 windows and glass panels",
        "lod3Evidence": "Windows, glass panels, and crossbars are separate facade opening details."
      }
    },
    {
      "id": "window-crossbars-217",
      "type": "Feature",
      "geometry": {
        "type": "Polygon",
        "coordinates": [
          [
            [
              106.69503060282791,
              10.776695640925928,
              29.6
            ],
            [
              106.6950986352798,
              10.776635464538813,
              29.6
            ],
            [
              106.69509832899594,
              10.776635130375713,
              29.6
            ],
            [
              106.69503029654405,
              10.776695306762829,
              29.6
            ]
          ]
        ]
      },
      "properties": {
        "id": "217",
        "blockName": "Ban công cửa sổ",
        "height": 1,
        "sourceId": "217",
        "sourceFile": "window-crossbars.geojson",
        "componentId": "window-crossbars",
        "componentName": "Window crossbars",
        "lodLevel": "LoD3",
        "lod3Category": "LoD3 windows and glass panels",
        "lod3Evidence": "Windows, glass panels, and crossbars are separate facade opening details."
      }
    },
    {
      "id": "window-crossbars-218",
      "type": "Feature",
      "geometry": {
        "type": "Polygon",
        "coordinates": [
          [
            [
              106.69512584825294,
              10.776611393979813,
              29.6
            ],
            [
              106.69513945473791,
              10.776599358699423,
              29.6
            ],
            [
              106.69513914845396,
              10.776599024536322,
              29.6
            ],
            [
              106.69512554196908,
              10.776611059816714,
              29.6
            ]
          ]
        ]
      },
      "properties": {
        "id": "218",
        "blockName": "Ban công cửa sổ",
        "height": 1,
        "sourceId": "218",
        "sourceFile": "window-crossbars.geojson",
        "componentId": "window-crossbars",
        "componentName": "Window crossbars",
        "lodLevel": "LoD3",
        "lod3Category": "LoD3 windows and glass panels",
        "lod3Evidence": "Windows, glass panels, and crossbars are separate facade opening details."
      }
    },
    {
      "id": "window-crossbars-219",
      "type": "Feature",
      "geometry": {
        "type": "Polygon",
        "coordinates": [
          [
            [
              106.69515986446326,
              10.776581305777722,
              29.6
            ],
            [
              106.69517347094549,
              10.77656927049585,
              29.6
            ],
            [
              106.69517316466155,
              10.77656893633275,
              29.6
            ],
            [
              106.69515955817931,
              10.776580971614623,
              29.6
            ]
          ]
        ]
      },
      "properties": {
        "id": "219",
        "blockName": "Ban công cửa sổ",
        "height": 1,
        "sourceId": "219",
        "sourceFile": "window-crossbars.geojson",
        "componentId": "window-crossbars",
        "componentName": "Window crossbars",
        "lodLevel": "LoD3",
        "lod3Category": "LoD3 windows and glass panels",
        "lod3Evidence": "Windows, glass panels, and crossbars are separate facade opening details."
      }
    },
    {
      "id": "window-crossbars-220",
      "type": "Feature",
      "geometry": {
        "type": "Polygon",
        "coordinates": [
          [
            [
              106.6951928643109,
              10.776570268926887,
              29.6
            ],
            [
              106.6952051156513,
              10.776583635450244,
              29.6
            ],
            [
              106.69520545581341,
              10.776583334568437,
              29.6
            ],
            [
              106.6951932044731,
              10.776569968045083,
              29.6
            ]
          ]
        ]
      },
      "properties": {
        "id": "220",
        "blockName": "Ban công cửa sổ",
        "height": 1,
        "sourceId": "220",
        "sourceFile": "window-crossbars.geojson",
        "componentId": "window-crossbars",
        "componentName": "Window crossbars",
        "lodLevel": "LoD3",
        "lod3Category": "LoD3 windows and glass panels",
        "lod3Evidence": "Windows, glass panels, and crossbars are separate facade opening details."
      }
    },
    {
      "id": "window-crossbars-221",
      "type": "Feature",
      "geometry": {
        "type": "Polygon",
        "coordinates": [
          [
            [
              106.6952234926638,
              10.776603685234376,
              29.6
            ],
            [
              106.69523574400684,
              10.77661705175653,
              29.6
            ],
            [
              106.69523608416895,
              10.776616750874725,
              29.6
            ],
            [
              106.69522383282589,
              10.776603384352569,
              29.6
            ]
          ]
        ]
      },
      "properties": {
        "id": "221",
        "blockName": "Ban công cửa sổ",
        "height": 1,
        "sourceId": "221",
        "sourceFile": "window-crossbars.geojson",
        "componentId": "window-crossbars",
        "componentName": "Window crossbars",
        "lodLevel": "LoD3",
        "lod3Category": "LoD3 windows and glass panels",
        "lod3Evidence": "Windows, glass panels, and crossbars are separate facade opening details."
      }
    },
    {
      "id": "window-crossbars-222",
      "type": "Feature",
      "geometry": {
        "type": "Polygon",
        "coordinates": [
          [
            [
              106.69525412102351,
              10.776637101538855,
              29.6
            ],
            [
              106.6952663723692,
              10.776650468059806,
              29.6
            ],
            [
              106.6952667125313,
              10.776650167178001,
              29.6
            ],
            [
              106.6952544611856,
              10.77663680065705,
              29.6
            ]
          ]
        ]
      },
      "properties": {
        "id": "222",
        "blockName": "Ban công cửa sổ",
        "height": 1,
        "sourceId": "222",
        "sourceFile": "window-crossbars.geojson",
        "componentId": "window-crossbars",
        "componentName": "Window crossbars",
        "lodLevel": "LoD3",
        "lod3Category": "LoD3 windows and glass panels",
        "lod3Evidence": "Windows, glass panels, and crossbars are separate facade opening details."
      }
    },
    {
      "id": "window-crossbars-223",
      "type": "Feature",
      "geometry": {
        "type": "Polygon",
        "coordinates": [
          [
            [
              106.69528474938993,
              10.77667051784033,
              29.6
            ],
            [
              106.69529700073838,
              10.776683884360077,
              29.6
            ],
            [
              106.69529734090048,
              10.776683583478274,
              29.6
            ],
            [
              106.69528508955204,
              10.776670216958525,
              29.6
            ]
          ]
        ]
      },
      "properties": {
        "id": "223",
        "blockName": "Ban công cửa sổ",
        "height": 1,
        "sourceId": "223",
        "sourceFile": "window-crossbars.geojson",
        "componentId": "window-crossbars",
        "componentName": "Window crossbars",
        "lodLevel": "LoD3",
        "lod3Category": "LoD3 windows and glass panels",
        "lod3Evidence": "Windows, glass panels, and crossbars are separate facade opening details."
      }
    },
    {
      "id": "window-crossbars-224",
      "type": "Feature",
      "geometry": {
        "type": "Polygon",
        "coordinates": [
          [
            [
              106.69531537776318,
              10.776703934138796,
              29.6
            ],
            [
              106.69532762911437,
              10.776717300657339,
              29.6
            ],
            [
              106.69532796927648,
              10.776716999775532,
              29.6
            ],
            [
              106.69531571792528,
              10.77670363325699,
              29.6
            ]
          ]
        ]
      },
      "properties": {
        "id": "224",
        "blockName": "Ban công cửa sổ",
        "height": 1,
        "sourceId": "224",
        "sourceFile": "window-crossbars.geojson",
        "componentId": "window-crossbars",
        "componentName": "Window crossbars",
        "lodLevel": "LoD3",
        "lod3Category": "LoD3 windows and glass panels",
        "lod3Evidence": "Windows, glass panels, and crossbars are separate facade opening details."
      }
    },
    {
      "id": "window-crossbars-225",
      "type": "Feature",
      "geometry": {
        "type": "Polygon",
        "coordinates": [
          [
            [
              106.69534600614325,
              10.776737350434255,
              29.6
            ],
            [
              106.69535825749719,
              10.776750716951595,
              29.6
            ],
            [
              106.69535859765918,
              10.776750416069788,
              29.6
            ],
            [
              106.69534634630526,
              10.776737049552448,
              29.6
            ]
          ]
        ]
      },
      "properties": {
        "id": "225",
        "blockName": "Ban công cửa sổ",
        "height": 1,
        "sourceId": "225",
        "sourceFile": "window-crossbars.geojson",
        "componentId": "window-crossbars",
        "componentName": "Window crossbars",
        "lodLevel": "LoD3",
        "lod3Category": "LoD3 windows and glass panels",
        "lod3Evidence": "Windows, glass panels, and crossbars are separate facade opening details."
      }
    },
    {
      "id": "window-crossbars-226",
      "type": "Feature",
      "geometry": {
        "type": "Polygon",
        "coordinates": [
          [
            [
              106.69555288277816,
              10.77680849605792,
              29.6
            ],
            [
              106.69556648927883,
              10.776796460784949,
              29.6
            ],
            [
              106.69556618299507,
              10.776796126621852,
              29.6
            ],
            [
              106.69555257649442,
              10.77680816189482,
              29.6
            ]
          ]
        ]
      },
      "properties": {
        "id": "226",
        "blockName": "Ban công cửa sổ",
        "height": 1,
        "sourceId": "226",
        "sourceFile": "window-crossbars.geojson",
        "componentId": "window-crossbars",
        "componentName": "Window crossbars",
        "lodLevel": "LoD3",
        "lod3Category": "LoD3 windows and glass panels",
        "lod3Evidence": "Windows, glass panels, and crossbars are separate facade opening details."
      }
    },
    {
      "id": "window-crossbars-227",
      "type": "Feature",
      "geometry": {
        "type": "Polygon",
        "coordinates": [
          [
            [
              106.69558689902777,
              10.776778407874378,
              29.6
            ],
            [
              106.69560050552569,
              10.776766372599926,
              29.6
            ],
            [
              106.69560019924195,
              10.776766038436824,
              29.6
            ],
            [
              106.69558659274404,
              10.776778073711279,
              29.6
            ]
          ]
        ]
      },
      "properties": {
        "id": "227",
        "blockName": "Ban công cửa sổ",
        "height": 1,
        "sourceId": "227",
        "sourceFile": "window-crossbars.geojson",
        "componentId": "window-crossbars",
        "componentName": "Window crossbars",
        "lodLevel": "LoD3",
        "lod3Category": "LoD3 windows and glass panels",
        "lod3Evidence": "Windows, glass panels, and crossbars are separate facade opening details."
      }
    },
    {
      "id": "window-crossbars-228",
      "type": "Feature",
      "geometry": {
        "type": "Polygon",
        "coordinates": [
          [
            [
              106.69562091527058,
              10.776748319687128,
              29.6
            ],
            [
              106.69563452176585,
              10.77673628441119,
              29.6
            ],
            [
              106.69563421548199,
              10.776735950248089,
              29.6
            ],
            [
              106.69562060898672,
              10.776747985524027,
              29.6
            ]
          ]
        ]
      },
      "properties": {
        "id": "228",
        "blockName": "Ban công cửa sổ",
        "height": 1,
        "sourceId": "228",
        "sourceFile": "window-crossbars.geojson",
        "componentId": "window-crossbars",
        "componentName": "Window crossbars",
        "lodLevel": "LoD3",
        "lod3Category": "LoD3 windows and glass panels",
        "lod3Evidence": "Windows, glass panels, and crossbars are separate facade opening details."
      }
    },
    {
      "id": "window-crossbars-229",
      "type": "Feature",
      "geometry": {
        "type": "Polygon",
        "coordinates": [
          [
            [
              106.69565391514611,
              10.776737282846675,
              29.6
            ],
            [
              106.69566616649323,
              10.776750649370033,
              29.6
            ],
            [
              106.69566650665563,
              10.776750348488227,
              29.6
            ],
            [
              106.69565425530851,
              10.776736981964872,
              29.6
            ]
          ]
        ]
      },
      "properties": {
        "id": "229",
        "blockName": "Ban công cửa sổ",
        "height": 1,
        "sourceId": "229",
        "sourceFile": "window-crossbars.geojson",
        "componentId": "window-crossbars",
        "componentName": "Window crossbars",
        "lodLevel": "LoD3",
        "lod3Category": "LoD3 windows and glass panels",
        "lod3Evidence": "Windows, glass panels, and crossbars are separate facade opening details."
      }
    },
    {
      "id": "window-crossbars-230",
      "type": "Feature",
      "geometry": {
        "type": "Polygon",
        "coordinates": [
          [
            [
              106.695684543516,
              10.776770699154165,
              29.6
            ],
            [
              106.69569679486587,
              10.776784065676319,
              29.6
            ],
            [
              106.69569713502817,
              10.776783764794514,
              29.6
            ],
            [
              106.69568488367841,
              10.77677039827236,
              29.6
            ]
          ]
        ]
      },
      "properties": {
        "id": "230",
        "blockName": "Ban công cửa sổ",
        "height": 1,
        "sourceId": "230",
        "sourceFile": "window-crossbars.geojson",
        "componentId": "window-crossbars",
        "componentName": "Window crossbars",
        "lodLevel": "LoD3",
        "lod3Category": "LoD3 windows and glass panels",
        "lod3Evidence": "Windows, glass panels, and crossbars are separate facade opening details."
      }
    },
    {
      "id": "window-crossbars-231",
      "type": "Feature",
      "geometry": {
        "type": "Polygon",
        "coordinates": [
          [
            [
              106.6957151718927,
              10.776804115458646,
              29.6
            ],
            [
              106.69572742324522,
              10.776817481979595,
              29.6
            ],
            [
              106.69572776340752,
              10.77681718109779,
              29.6
            ],
            [
              106.695715512055,
              10.776803814576839,
              29.6
            ]
          ]
        ]
      },
      "properties": {
        "id": "231",
        "blockName": "Ban công cửa sổ",
        "height": 1,
        "sourceId": "231",
        "sourceFile": "window-crossbars.geojson",
        "componentId": "window-crossbars",
        "componentName": "Window crossbars",
        "lodLevel": "LoD3",
        "lod3Category": "LoD3 windows and glass panels",
        "lod3Evidence": "Windows, glass panels, and crossbars are separate facade opening details."
      }
    },
    {
      "id": "window-crossbars-232",
      "type": "Feature",
      "geometry": {
        "type": "Polygon",
        "coordinates": [
          [
            [
              106.69574580027614,
              10.776837531760117,
              29.6
            ],
            [
              106.69575805163139,
              10.776850898279866,
              29.6
            ],
            [
              106.6957583917937,
              10.77685059739806,
              29.6
            ],
            [
              106.69574614043843,
              10.776837230878312,
              29.6
            ]
          ]
        ]
      },
      "properties": {
        "id": "232",
        "blockName": "Ban công cửa sổ",
        "height": 1,
        "sourceId": "232",
        "sourceFile": "window-crossbars.geojson",
        "componentId": "window-crossbars",
        "componentName": "Window crossbars",
        "lodLevel": "LoD3",
        "lod3Category": "LoD3 windows and glass panels",
        "lod3Evidence": "Windows, glass panels, and crossbars are separate facade opening details."
      }
    },
    {
      "id": "window-crossbars-233",
      "type": "Feature",
      "geometry": {
        "type": "Polygon",
        "coordinates": [
          [
            [
              106.69577642866638,
              10.776870948058582,
              29.6
            ],
            [
              106.69578868002439,
              10.776884314577128,
              29.6
            ],
            [
              106.69578902018668,
              10.776884013695321,
              29.6
            ],
            [
              106.69577676882868,
              10.776870647176777,
              29.6
            ]
          ]
        ]
      },
      "properties": {
        "id": "233",
        "blockName": "Ban công cửa sổ",
        "height": 1,
        "sourceId": "233",
        "sourceFile": "window-crossbars.geojson",
        "componentId": "window-crossbars",
        "componentName": "Window crossbars",
        "lodLevel": "LoD3",
        "lod3Category": "LoD3 windows and glass panels",
        "lod3Evidence": "Windows, glass panels, and crossbars are separate facade opening details."
      }
    },
    {
      "id": "window-crossbars-234",
      "type": "Feature",
      "geometry": {
        "type": "Polygon",
        "coordinates": [
          [
            [
              106.69580705706343,
              10.776904364354042,
              29.6
            ],
            [
              106.6958193084242,
              10.776917730871382,
              29.6
            ],
            [
              106.69581964858641,
              10.776917429989576,
              29.6
            ],
            [
              106.69580739722564,
              10.776904063472237,
              29.6
            ]
          ]
        ]
      },
      "properties": {
        "id": "234",
        "blockName": "Ban công cửa sổ",
        "height": 1,
        "sourceId": "234",
        "sourceFile": "window-crossbars.geojson",
        "componentId": "window-crossbars",
        "componentName": "Window crossbars",
        "lodLevel": "LoD3",
        "lod3Category": "LoD3 windows and glass panels",
        "lod3Evidence": "Windows, glass panels, and crossbars are separate facade opening details."
      }
    },
    {
      "id": "upper-glass-panels-235",
      "type": "Feature",
      "geometry": {
        "type": "Polygon",
        "coordinates": [
          [
            [
              106.69581829206487,
              10.77693678221308,
              30.6
            ],
            [
              106.69580468555648,
              10.776948817484566,
              30.6
            ],
            [
              106.69580499184033,
              10.776949151647667,
              30.6
            ],
            [
              106.69581859834872,
              10.776937116376178,
              30.6
            ]
          ]
        ]
      },
      "properties": {
        "id": "235",
        "blockName": "Cửa sổ",
        "height": 2,
        "sourceId": "235",
        "sourceFile": "upper-glass-panels.geojson",
        "componentId": "upper-glass-panels",
        "componentName": "Upper glass panels",
        "lodLevel": "LoD3",
        "lod3Category": "LoD3 windows and glass panels",
        "lod3Evidence": "Windows, glass panels, and crossbars are separate facade opening details."
      }
    },
    {
      "id": "upper-glass-panels-236",
      "type": "Feature",
      "geometry": {
        "type": "Polygon",
        "coordinates": [
          [
            [
              106.69578427579195,
              10.776966870390686,
              30.6
            ],
            [
              106.69577066928082,
              10.77697890566069,
              30.6
            ],
            [
              106.69577097556467,
              10.776979239823788,
              30.6
            ],
            [
              106.6957845820757,
              10.776967204553785,
              30.6
            ]
          ]
        ]
      },
      "properties": {
        "id": "236",
        "blockName": "Cửa sổ",
        "height": 2,
        "sourceId": "236",
        "sourceFile": "upper-glass-panels.geojson",
        "componentId": "upper-glass-panels",
        "componentName": "Upper glass panels",
        "lodLevel": "LoD3",
        "lod3Category": "LoD3 windows and glass panels",
        "lod3Evidence": "Windows, glass panels, and crossbars are separate facade opening details."
      }
    },
    {
      "id": "upper-glass-panels-237",
      "type": "Feature",
      "geometry": {
        "type": "Polygon",
        "coordinates": [
          [
            [
              106.69575025951221,
              10.776996958564583,
              30.6
            ],
            [
              106.69573665299842,
              10.777008993833105,
              30.6
            ],
            [
              106.69573695928219,
              10.777009327996202,
              30.6
            ],
            [
              106.69575056579596,
              10.776997292727682,
              30.6
            ]
          ]
        ]
      },
      "properties": {
        "id": "237",
        "blockName": "Cửa sổ",
        "height": 2,
        "sourceId": "237",
        "sourceFile": "upper-glass-panels.geojson",
        "componentId": "upper-glass-panels",
        "componentName": "Upper glass panels",
        "lodLevel": "LoD3",
        "lod3Category": "LoD3 windows and glass panels",
        "lod3Evidence": "Windows, glass panels, and crossbars are separate facade opening details."
      }
    },
    {
      "id": "upper-glass-panels-238",
      "type": "Feature",
      "geometry": {
        "type": "Polygon",
        "coordinates": [
          [
            [
              106.69526042569812,
              10.777430228816309,
              30.6
            ],
            [
              106.69527403222688,
              10.777418193543335,
              30.6
            ],
            [
              106.69527433851135,
              10.777418527706438,
              30.6
            ],
            [
              106.69526073198259,
              10.77743056297941,
              30.6
            ]
          ]
        ]
      },
      "properties": {
        "id": "238",
        "blockName": "Cửa sổ",
        "height": 2,
        "sourceId": "238",
        "sourceFile": "upper-glass-panels.geojson",
        "componentId": "upper-glass-panels",
        "componentName": "Upper glass panels",
        "lodLevel": "LoD3",
        "lod3Category": "LoD3 windows and glass panels",
        "lod3Evidence": "Windows, glass panels, and crossbars are separate facade opening details."
      }
    },
    {
      "id": "upper-glass-panels-239",
      "type": "Feature",
      "geometry": {
        "type": "Polygon",
        "coordinates": [
          [
            [
              106.69529444201797,
              10.777400140632766,
              30.6
            ],
            [
              106.69530804854398,
              10.777388105358312,
              30.6
            ],
            [
              106.69530835482853,
              10.777388439521411,
              30.6
            ],
            [
              106.69529474830243,
              10.777400474795867,
              30.6
            ]
          ]
        ]
      },
      "properties": {
        "id": "239",
        "blockName": "Cửa sổ",
        "height": 2,
        "sourceId": "239",
        "sourceFile": "upper-glass-panels.geojson",
        "componentId": "upper-glass-panels",
        "componentName": "Upper glass panels",
        "lodLevel": "LoD3",
        "lod3Category": "LoD3 windows and glass panels",
        "lod3Evidence": "Windows, glass panels, and crossbars are separate facade opening details."
      }
    },
    {
      "id": "upper-glass-panels-240",
      "type": "Feature",
      "geometry": {
        "type": "Polygon",
        "coordinates": [
          [
            [
              106.69532845833099,
              10.777370052445516,
              30.6
            ],
            [
              106.69534206485434,
              10.777358017169577,
              30.6
            ],
            [
              106.6953423711389,
              10.777358351332675,
              30.6
            ],
            [
              106.69532876461555,
              10.777370386608615,
              30.6
            ]
          ]
        ]
      },
      "properties": {
        "id": "240",
        "blockName": "Cửa sổ",
        "height": 2,
        "sourceId": "240",
        "sourceFile": "upper-glass-panels.geojson",
        "componentId": "upper-glass-panels",
        "componentName": "Upper glass panels",
        "lodLevel": "LoD3",
        "lod3Category": "LoD3 windows and glass panels",
        "lod3Evidence": "Windows, glass panels, and crossbars are separate facade opening details."
      }
    },
    {
      "id": "upper-glass-panels-241",
      "type": "Feature",
      "geometry": {
        "type": "Polygon",
        "coordinates": [
          [
            [
              106.69524103227012,
              10.777429230377544,
              30.6
            ],
            [
              106.69522878089664,
              10.777415863852985,
              30.6
            ],
            [
              106.69522844073343,
              10.777416164734792,
              30.6
            ],
            [
              106.69524069210681,
              10.77742953125935,
              30.6
            ]
          ]
        ]
      },
      "properties": {
        "id": "241",
        "blockName": "Cửa sổ",
        "height": 2,
        "sourceId": "241",
        "sourceFile": "upper-glass-panels.geojson",
        "componentId": "upper-glass-panels",
        "componentName": "Upper glass panels",
        "lodLevel": "LoD3",
        "lod3Category": "LoD3 windows and glass panels",
        "lod3Evidence": "Windows, glass panels, and crossbars are separate facade opening details."
      }
    },
    {
      "id": "upper-glass-panels-242",
      "type": "Feature",
      "geometry": {
        "type": "Polygon",
        "coordinates": [
          [
            [
              106.69521040383867,
              10.777395814065244,
              30.6
            ],
            [
              106.69519815246804,
              10.777382447539482,
              30.6
            ],
            [
              106.6951978123047,
              10.777382748421289,
              30.6
            ],
            [
              106.69521006367533,
              10.777396114947049,
              30.6
            ]
          ]
        ]
      },
      "properties": {
        "id": "242",
        "blockName": "Cửa sổ",
        "height": 2,
        "sourceId": "242",
        "sourceFile": "upper-glass-panels.geojson",
        "componentId": "upper-glass-panels",
        "componentName": "Upper glass panels",
        "lodLevel": "LoD3",
        "lod3Category": "LoD3 windows and glass panels",
        "lod3Evidence": "Windows, glass panels, and crossbars are separate facade opening details."
      }
    },
    {
      "id": "upper-glass-panels-243",
      "type": "Feature",
      "geometry": {
        "type": "Polygon",
        "coordinates": [
          [
            [
              106.69517977541402,
              10.777362397749934,
              30.6
            ],
            [
              106.69516752404614,
              10.777349031222972,
              30.6
            ],
            [
              106.6951671838827,
              10.777349332104778,
              30.6
            ],
            [
              106.6951794352507,
              10.777362698631743,
              30.6
            ]
          ]
        ]
      },
      "properties": {
        "id": "243",
        "blockName": "Cửa sổ",
        "height": 2,
        "sourceId": "243",
        "sourceFile": "upper-glass-panels.geojson",
        "componentId": "upper-glass-panels",
        "componentName": "Upper glass panels",
        "lodLevel": "LoD3",
        "lod3Category": "LoD3 windows and glass panels",
        "lod3Evidence": "Windows, glass panels, and crossbars are separate facade opening details."
      }
    },
    {
      "id": "upper-glass-panels-244",
      "type": "Feature",
      "geometry": {
        "type": "Polygon",
        "coordinates": [
          [
            [
              106.69514914699619,
              10.777328981431623,
              30.6
            ],
            [
              106.69513689563095,
              10.777315614903452,
              30.6
            ],
            [
              106.69513655546763,
              10.77731591578526,
              30.6
            ],
            [
              106.69514880683286,
              10.777329282313428,
              30.6
            ]
          ]
        ]
      },
      "properties": {
        "id": "244",
        "blockName": "Cửa sổ",
        "height": 2,
        "sourceId": "244",
        "sourceFile": "upper-glass-panels.geojson",
        "componentId": "upper-glass-panels",
        "componentName": "Upper glass panels",
        "lodLevel": "LoD3",
        "lod3Category": "LoD3 windows and glass panels",
        "lod3Evidence": "Windows, glass panels, and crossbars are separate facade opening details."
      }
    },
    {
      "id": "upper-glass-panels-245",
      "type": "Feature",
      "geometry": {
        "type": "Polygon",
        "coordinates": [
          [
            [
              106.69511851858519,
              10.777295565110299,
              30.6
            ],
            [
              106.69510626722268,
              10.777282198580927,
              30.6
            ],
            [
              106.69510592705926,
              10.777282499462734,
              30.6
            ],
            [
              106.69511817842175,
              10.777295865992105,
              30.6
            ]
          ]
        ]
      },
      "properties": {
        "id": "245",
        "blockName": "Cửa sổ",
        "height": 2,
        "sourceId": "245",
        "sourceFile": "upper-glass-panels.geojson",
        "componentId": "upper-glass-panels",
        "componentName": "Upper glass panels",
        "lodLevel": "LoD3",
        "lod3Category": "LoD3 windows and glass panels",
        "lod3Evidence": "Windows, glass panels, and crossbars are separate facade opening details."
      }
    },
    {
      "id": "upper-glass-panels-246",
      "type": "Feature",
      "geometry": {
        "type": "Polygon",
        "coordinates": [
          [
            [
              106.69508789018099,
              10.777262148785967,
              30.6
            ],
            [
              106.69507563882115,
              10.777248782255393,
              30.6
            ],
            [
              106.69507529865773,
              10.777249083137198,
              30.6
            ],
            [
              106.69508755001756,
              10.777262449667774,
              30.6
            ]
          ]
        ]
      },
      "properties": {
        "id": "246",
        "blockName": "Cửa sổ",
        "height": 2,
        "sourceId": "246",
        "sourceFile": "upper-glass-panels.geojson",
        "componentId": "upper-glass-panels",
        "componentName": "Upper glass panels",
        "lodLevel": "LoD3",
        "lod3Category": "LoD3 windows and glass panels",
        "lod3Evidence": "Windows, glass panels, and crossbars are separate facade opening details."
      }
    },
    {
      "id": "upper-glass-panels-247",
      "type": "Feature",
      "geometry": {
        "type": "Polygon",
        "coordinates": [
          [
            [
              106.6950766551926,
              10.777229730902809,
              30.6
            ],
            [
              106.69509026171228,
              10.77721769562984,
              30.6
            ],
            [
              106.69508995542813,
              10.777217361466743,
              30.6
            ],
            [
              106.69507634890843,
              10.777229396739711,
              30.6
            ]
          ]
        ]
      },
      "properties": {
        "id": "247",
        "blockName": "Cửa sổ",
        "height": 2,
        "sourceId": "247",
        "sourceFile": "upper-glass-panels.geojson",
        "componentId": "upper-glass-panels",
        "componentName": "Upper glass panels",
        "lodLevel": "LoD3",
        "lod3Category": "LoD3 windows and glass panels",
        "lod3Evidence": "Windows, glass panels, and crossbars are separate facade opening details."
      }
    },
    {
      "id": "upper-glass-panels-248",
      "type": "Feature",
      "geometry": {
        "type": "Polygon",
        "coordinates": [
          [
            [
              106.69511067148973,
              10.77719964271927,
              30.6
            ],
            [
              106.69512427800676,
              10.777187607444812,
              30.6
            ],
            [
              106.69512397172251,
              10.777187273281715,
              30.6
            ],
            [
              106.69511036520558,
              10.77719930855617,
              30.6
            ]
          ]
        ]
      },
      "properties": {
        "id": "248",
        "blockName": "Cửa sổ",
        "height": 2,
        "sourceId": "248",
        "sourceFile": "upper-glass-panels.geojson",
        "componentId": "upper-glass-panels",
        "componentName": "Upper glass panels",
        "lodLevel": "LoD3",
        "lod3Category": "LoD3 windows and glass panels",
        "lod3Evidence": "Windows, glass panels, and crossbars are separate facade opening details."
      }
    },
    {
      "id": "upper-glass-panels-249",
      "type": "Feature",
      "geometry": {
        "type": "Polygon",
        "coordinates": [
          [
            [
              106.69514468778016,
              10.777169554532017,
              30.6
            ],
            [
              106.69515829429446,
              10.777157519256077,
              30.6
            ],
            [
              106.6951579880102,
              10.77715718509298,
              30.6
            ],
            [
              106.6951443814959,
              10.777169220368917,
              30.6
            ]
          ]
        ]
      },
      "properties": {
        "id": "249",
        "blockName": "Cửa sổ",
        "height": 2,
        "sourceId": "249",
        "sourceFile": "upper-glass-panels.geojson",
        "componentId": "upper-glass-panels",
        "componentName": "Upper glass panels",
        "lodLevel": "LoD3",
        "lod3Category": "LoD3 windows and glass panels",
        "lod3Evidence": "Windows, glass panels, and crossbars are separate facade opening details."
      }
    },
    {
      "id": "upper-glass-panels-250",
      "type": "Feature",
      "geometry": {
        "type": "Polygon",
        "coordinates": [
          [
            [
              106.69512014392129,
              10.77696133440935,
              30.6
            ],
            [
              106.69510789256704,
              10.776947967884793,
              30.6
            ],
            [
              106.69510755240422,
              10.776948268766597,
              30.6
            ],
            [
              106.69511980375857,
              10.776961635291155,
              30.6
            ]
          ]
        ]
      },
      "properties": {
        "id": "250",
        "blockName": "Cửa sổ",
        "height": 2,
        "sourceId": "250",
        "sourceFile": "upper-glass-panels.geojson",
        "componentId": "upper-glass-panels",
        "componentName": "Upper glass panels",
        "lodLevel": "LoD3",
        "lod3Category": "LoD3 windows and glass panels",
        "lod3Evidence": "Windows, glass panels, and crossbars are separate facade opening details."
      }
    },
    {
      "id": "upper-glass-panels-251",
      "type": "Feature",
      "geometry": {
        "type": "Polygon",
        "coordinates": [
          [
            [
              106.69508951553756,
              10.77692791809705,
              30.6
            ],
            [
              106.69507726418585,
              10.776914551571288,
              30.6
            ],
            [
              106.69507692402316,
              10.776914852453093,
              30.6
            ],
            [
              106.69508917537475,
              10.776928218978856,
              30.6
            ]
          ]
        ]
      },
      "properties": {
        "id": "251",
        "blockName": "Cửa sổ",
        "height": 2,
        "sourceId": "251",
        "sourceFile": "upper-glass-panels.geojson",
        "componentId": "upper-glass-panels",
        "componentName": "Upper glass panels",
        "lodLevel": "LoD3",
        "lod3Category": "LoD3 windows and glass panels",
        "lod3Evidence": "Windows, glass panels, and crossbars are separate facade opening details."
      }
    },
    {
      "id": "upper-glass-panels-252",
      "type": "Feature",
      "geometry": {
        "type": "Polygon",
        "coordinates": [
          [
            [
              106.69505888716054,
              10.776894501781744,
              30.6
            ],
            [
              106.6950466358116,
              10.77688113525478,
              30.6
            ],
            [
              106.69504629564878,
              10.776881436136584,
              30.6
            ],
            [
              106.69505854699773,
              10.77689480266355,
              30.6
            ]
          ]
        ]
      },
      "properties": {
        "id": "252",
        "blockName": "Cửa sổ",
        "height": 2,
        "sourceId": "252",
        "sourceFile": "upper-glass-panels.geojson",
        "componentId": "upper-glass-panels",
        "componentName": "Upper glass panels",
        "lodLevel": "LoD3",
        "lod3Category": "LoD3 windows and glass panels",
        "lod3Evidence": "Windows, glass panels, and crossbars are separate facade opening details."
      }
    },
    {
      "id": "upper-glass-panels-253",
      "type": "Feature",
      "geometry": {
        "type": "Polygon",
        "coordinates": [
          [
            [
              106.69502825879024,
              10.77686108546343,
              30.6
            ],
            [
              106.69501600744415,
              10.77684771893526,
              30.6
            ],
            [
              106.69501566728133,
              10.776848019817065,
              30.6
            ],
            [
              106.69502791862743,
              10.776861386345233,
              30.6
            ]
          ]
        ]
      },
      "properties": {
        "id": "253",
        "blockName": "Cửa sổ",
        "height": 2,
        "sourceId": "253",
        "sourceFile": "upper-glass-panels.geojson",
        "componentId": "upper-glass-panels",
        "componentName": "Upper glass panels",
        "lodLevel": "LoD3",
        "lod3Category": "LoD3 windows and glass panels",
        "lod3Evidence": "Windows, glass panels, and crossbars are separate facade opening details."
      }
    },
    {
      "id": "upper-glass-panels-254",
      "type": "Feature",
      "geometry": {
        "type": "Polygon",
        "coordinates": [
          [
            [
              106.69499763042687,
              10.776827669142104,
              30.6
            ],
            [
              106.69498537908342,
              10.776814302612735,
              30.6
            ],
            [
              106.6949850389206,
              10.77681460349454,
              30.6
            ],
            [
              106.69499729026404,
              10.776827970023911,
              30.6
            ]
          ]
        ]
      },
      "properties": {
        "id": "254",
        "blockName": "Cửa sổ",
        "height": 2,
        "sourceId": "254",
        "sourceFile": "upper-glass-panels.geojson",
        "componentId": "upper-glass-panels",
        "componentName": "Upper glass panels",
        "lodLevel": "LoD3",
        "lod3Category": "LoD3 windows and glass panels",
        "lod3Evidence": "Windows, glass panels, and crossbars are separate facade opening details."
      }
    },
    {
      "id": "upper-glass-panels-255",
      "type": "Feature",
      "geometry": {
        "type": "Polygon",
        "coordinates": [
          [
            [
              106.69496700207021,
              10.776794252817778,
              30.6
            ],
            [
              106.69495475072951,
              10.776780886287202,
              30.6
            ],
            [
              106.6949544105667,
              10.776781187169007,
              30.6
            ],
            [
              106.69496666190739,
              10.776794553699581,
              30.6
            ]
          ]
        ]
      },
      "properties": {
        "id": "255",
        "blockName": "Cửa sổ",
        "height": 2,
        "sourceId": "255",
        "sourceFile": "upper-glass-panels.geojson",
        "componentId": "upper-glass-panels",
        "componentName": "Upper glass panels",
        "lodLevel": "LoD3",
        "lod3Category": "LoD3 windows and glass panels",
        "lod3Evidence": "Windows, glass panels, and crossbars are separate facade opening details."
      }
    },
    {
      "id": "upper-glass-panels-256",
      "type": "Feature",
      "geometry": {
        "type": "Polygon",
        "coordinates": [
          [
            [
              106.69495576709932,
              10.776761834934616,
              30.6
            ],
            [
              106.69496937359783,
              10.776749799661644,
              30.6
            ],
            [
              106.69496906731419,
              10.776749465498545,
              30.6
            ],
            [
              106.69495546081566,
              10.776761500771517,
              30.6
            ]
          ]
        ]
      },
      "properties": {
        "id": "256",
        "blockName": "Cửa sổ",
        "height": 2,
        "sourceId": "256",
        "sourceFile": "upper-glass-panels.geojson",
        "componentId": "upper-glass-panels",
        "componentName": "Upper glass panels",
        "lodLevel": "LoD3",
        "lod3Category": "LoD3 windows and glass panels",
        "lod3Evidence": "Windows, glass panels, and crossbars are separate facade opening details."
      }
    },
    {
      "id": "upper-glass-panels-257",
      "type": "Feature",
      "geometry": {
        "type": "Polygon",
        "coordinates": [
          [
            [
              106.69498978334364,
              10.776731746751075,
              30.6
            ],
            [
              106.69500338983941,
              10.776719711476622,
              30.6
            ],
            [
              106.69500308355575,
              10.776719377313523,
              30.6
            ],
            [
              106.69498947705988,
              10.776731412587974,
              30.6
            ]
          ]
        ]
      },
      "properties": {
        "id": "257",
        "blockName": "Cửa sổ",
        "height": 2,
        "sourceId": "257",
        "sourceFile": "upper-glass-panels.geojson",
        "componentId": "upper-glass-panels",
        "componentName": "Upper glass panels",
        "lodLevel": "LoD3",
        "lod3Category": "LoD3 windows and glass panels",
        "lod3Evidence": "Windows, glass panels, and crossbars are separate facade opening details."
      }
    },
    {
      "id": "upper-glass-panels-258",
      "type": "Feature",
      "geometry": {
        "type": "Polygon",
        "coordinates": [
          [
            [
              106.69503060282791,
              10.776695640925928,
              30.6
            ],
            [
              106.6950986352798,
              10.776635464538813,
              30.6
            ],
            [
              106.69509832899594,
              10.776635130375713,
              30.6
            ],
            [
              106.69503029654405,
              10.776695306762829,
              30.6
            ]
          ]
        ]
      },
      "properties": {
        "id": "258",
        "blockName": "Cửa sổ",
        "height": 2,
        "sourceId": "258",
        "sourceFile": "upper-glass-panels.geojson",
        "componentId": "upper-glass-panels",
        "componentName": "Upper glass panels",
        "lodLevel": "LoD3",
        "lod3Category": "LoD3 windows and glass panels",
        "lod3Evidence": "Windows, glass panels, and crossbars are separate facade opening details."
      }
    },
    {
      "id": "upper-glass-panels-259",
      "type": "Feature",
      "geometry": {
        "type": "Polygon",
        "coordinates": [
          [
            [
              106.69512584825294,
              10.776611393979813,
              30.6
            ],
            [
              106.69513945473791,
              10.776599358699423,
              30.6
            ],
            [
              106.69513914845396,
              10.776599024536322,
              30.6
            ],
            [
              106.69512554196908,
              10.776611059816714,
              30.6
            ]
          ]
        ]
      },
      "properties": {
        "id": "259",
        "blockName": "Cửa sổ",
        "height": 2,
        "sourceId": "259",
        "sourceFile": "upper-glass-panels.geojson",
        "componentId": "upper-glass-panels",
        "componentName": "Upper glass panels",
        "lodLevel": "LoD3",
        "lod3Category": "LoD3 windows and glass panels",
        "lod3Evidence": "Windows, glass panels, and crossbars are separate facade opening details."
      }
    },
    {
      "id": "upper-glass-panels-260",
      "type": "Feature",
      "geometry": {
        "type": "Polygon",
        "coordinates": [
          [
            [
              106.69515986446326,
              10.776581305777722,
              30.6
            ],
            [
              106.69517347094549,
              10.77656927049585,
              30.6
            ],
            [
              106.69517316466155,
              10.77656893633275,
              30.6
            ],
            [
              106.69515955817931,
              10.776580971614623,
              30.6
            ]
          ]
        ]
      },
      "properties": {
        "id": "260",
        "blockName": "Cửa sổ",
        "height": 2,
        "sourceId": "260",
        "sourceFile": "upper-glass-panels.geojson",
        "componentId": "upper-glass-panels",
        "componentName": "Upper glass panels",
        "lodLevel": "LoD3",
        "lod3Category": "LoD3 windows and glass panels",
        "lod3Evidence": "Windows, glass panels, and crossbars are separate facade opening details."
      }
    },
    {
      "id": "upper-glass-panels-261",
      "type": "Feature",
      "geometry": {
        "type": "Polygon",
        "coordinates": [
          [
            [
              106.6951928643109,
              10.776570268926887,
              30.6
            ],
            [
              106.6952051156513,
              10.776583635450244,
              30.6
            ],
            [
              106.69520545581341,
              10.776583334568437,
              30.6
            ],
            [
              106.6951932044731,
              10.776569968045083,
              30.6
            ]
          ]
        ]
      },
      "properties": {
        "id": "261",
        "blockName": "Cửa sổ",
        "height": 2,
        "sourceId": "261",
        "sourceFile": "upper-glass-panels.geojson",
        "componentId": "upper-glass-panels",
        "componentName": "Upper glass panels",
        "lodLevel": "LoD3",
        "lod3Category": "LoD3 windows and glass panels",
        "lod3Evidence": "Windows, glass panels, and crossbars are separate facade opening details."
      }
    },
    {
      "id": "upper-glass-panels-262",
      "type": "Feature",
      "geometry": {
        "type": "Polygon",
        "coordinates": [
          [
            [
              106.6952234926638,
              10.776603685234376,
              30.6
            ],
            [
              106.69523574400684,
              10.77661705175653,
              30.6
            ],
            [
              106.69523608416895,
              10.776616750874725,
              30.6
            ],
            [
              106.69522383282589,
              10.776603384352569,
              30.6
            ]
          ]
        ]
      },
      "properties": {
        "id": "262",
        "blockName": "Cửa sổ",
        "height": 2,
        "sourceId": "262",
        "sourceFile": "upper-glass-panels.geojson",
        "componentId": "upper-glass-panels",
        "componentName": "Upper glass panels",
        "lodLevel": "LoD3",
        "lod3Category": "LoD3 windows and glass panels",
        "lod3Evidence": "Windows, glass panels, and crossbars are separate facade opening details."
      }
    },
    {
      "id": "upper-glass-panels-263",
      "type": "Feature",
      "geometry": {
        "type": "Polygon",
        "coordinates": [
          [
            [
              106.69525412102351,
              10.776637101538855,
              30.6
            ],
            [
              106.6952663723692,
              10.776650468059806,
              30.6
            ],
            [
              106.6952667125313,
              10.776650167178001,
              30.6
            ],
            [
              106.6952544611856,
              10.77663680065705,
              30.6
            ]
          ]
        ]
      },
      "properties": {
        "id": "263",
        "blockName": "Cửa sổ",
        "height": 2,
        "sourceId": "263",
        "sourceFile": "upper-glass-panels.geojson",
        "componentId": "upper-glass-panels",
        "componentName": "Upper glass panels",
        "lodLevel": "LoD3",
        "lod3Category": "LoD3 windows and glass panels",
        "lod3Evidence": "Windows, glass panels, and crossbars are separate facade opening details."
      }
    },
    {
      "id": "upper-glass-panels-264",
      "type": "Feature",
      "geometry": {
        "type": "Polygon",
        "coordinates": [
          [
            [
              106.69528474938993,
              10.77667051784033,
              30.6
            ],
            [
              106.69529700073838,
              10.776683884360077,
              30.6
            ],
            [
              106.69529734090048,
              10.776683583478274,
              30.6
            ],
            [
              106.69528508955204,
              10.776670216958525,
              30.6
            ]
          ]
        ]
      },
      "properties": {
        "id": "264",
        "blockName": "Cửa sổ",
        "height": 2,
        "sourceId": "264",
        "sourceFile": "upper-glass-panels.geojson",
        "componentId": "upper-glass-panels",
        "componentName": "Upper glass panels",
        "lodLevel": "LoD3",
        "lod3Category": "LoD3 windows and glass panels",
        "lod3Evidence": "Windows, glass panels, and crossbars are separate facade opening details."
      }
    },
    {
      "id": "upper-glass-panels-265",
      "type": "Feature",
      "geometry": {
        "type": "Polygon",
        "coordinates": [
          [
            [
              106.69531537776318,
              10.776703934138796,
              30.6
            ],
            [
              106.69532762911437,
              10.776717300657339,
              30.6
            ],
            [
              106.69532796927648,
              10.776716999775532,
              30.6
            ],
            [
              106.69531571792528,
              10.77670363325699,
              30.6
            ]
          ]
        ]
      },
      "properties": {
        "id": "265",
        "blockName": "Cửa sổ",
        "height": 2,
        "sourceId": "265",
        "sourceFile": "upper-glass-panels.geojson",
        "componentId": "upper-glass-panels",
        "componentName": "Upper glass panels",
        "lodLevel": "LoD3",
        "lod3Category": "LoD3 windows and glass panels",
        "lod3Evidence": "Windows, glass panels, and crossbars are separate facade opening details."
      }
    },
    {
      "id": "upper-glass-panels-266",
      "type": "Feature",
      "geometry": {
        "type": "Polygon",
        "coordinates": [
          [
            [
              106.69534600614325,
              10.776737350434255,
              30.6
            ],
            [
              106.69535825749719,
              10.776750716951595,
              30.6
            ],
            [
              106.69535859765918,
              10.776750416069788,
              30.6
            ],
            [
              106.69534634630526,
              10.776737049552448,
              30.6
            ]
          ]
        ]
      },
      "properties": {
        "id": "266",
        "blockName": "Cửa sổ",
        "height": 2,
        "sourceId": "266",
        "sourceFile": "upper-glass-panels.geojson",
        "componentId": "upper-glass-panels",
        "componentName": "Upper glass panels",
        "lodLevel": "LoD3",
        "lod3Category": "LoD3 windows and glass panels",
        "lod3Evidence": "Windows, glass panels, and crossbars are separate facade opening details."
      }
    },
    {
      "id": "upper-glass-panels-267",
      "type": "Feature",
      "geometry": {
        "type": "Polygon",
        "coordinates": [
          [
            [
              106.69555288277816,
              10.77680849605792,
              30.6
            ],
            [
              106.69556648927883,
              10.776796460784949,
              30.6
            ],
            [
              106.69556618299507,
              10.776796126621852,
              30.6
            ],
            [
              106.69555257649442,
              10.77680816189482,
              30.6
            ]
          ]
        ]
      },
      "properties": {
        "id": "267",
        "blockName": "Cửa sổ",
        "height": 2,
        "sourceId": "267",
        "sourceFile": "upper-glass-panels.geojson",
        "componentId": "upper-glass-panels",
        "componentName": "Upper glass panels",
        "lodLevel": "LoD3",
        "lod3Category": "LoD3 windows and glass panels",
        "lod3Evidence": "Windows, glass panels, and crossbars are separate facade opening details."
      }
    },
    {
      "id": "upper-glass-panels-268",
      "type": "Feature",
      "geometry": {
        "type": "Polygon",
        "coordinates": [
          [
            [
              106.69558689902777,
              10.776778407874378,
              30.6
            ],
            [
              106.69560050552569,
              10.776766372599926,
              30.6
            ],
            [
              106.69560019924195,
              10.776766038436824,
              30.6
            ],
            [
              106.69558659274404,
              10.776778073711279,
              30.6
            ]
          ]
        ]
      },
      "properties": {
        "id": "268",
        "blockName": "Cửa sổ",
        "height": 2,
        "sourceId": "268",
        "sourceFile": "upper-glass-panels.geojson",
        "componentId": "upper-glass-panels",
        "componentName": "Upper glass panels",
        "lodLevel": "LoD3",
        "lod3Category": "LoD3 windows and glass panels",
        "lod3Evidence": "Windows, glass panels, and crossbars are separate facade opening details."
      }
    },
    {
      "id": "upper-glass-panels-269",
      "type": "Feature",
      "geometry": {
        "type": "Polygon",
        "coordinates": [
          [
            [
              106.69562091527058,
              10.776748319687128,
              30.6
            ],
            [
              106.69563452176585,
              10.77673628441119,
              30.6
            ],
            [
              106.69563421548199,
              10.776735950248089,
              30.6
            ],
            [
              106.69562060898672,
              10.776747985524027,
              30.6
            ]
          ]
        ]
      },
      "properties": {
        "id": "269",
        "blockName": "Cửa sổ",
        "height": 2,
        "sourceId": "269",
        "sourceFile": "upper-glass-panels.geojson",
        "componentId": "upper-glass-panels",
        "componentName": "Upper glass panels",
        "lodLevel": "LoD3",
        "lod3Category": "LoD3 windows and glass panels",
        "lod3Evidence": "Windows, glass panels, and crossbars are separate facade opening details."
      }
    },
    {
      "id": "upper-glass-panels-270",
      "type": "Feature",
      "geometry": {
        "type": "Polygon",
        "coordinates": [
          [
            [
              106.69565391514611,
              10.776737282846675,
              30.6
            ],
            [
              106.69566616649323,
              10.776750649370033,
              30.6
            ],
            [
              106.69566650665563,
              10.776750348488227,
              30.6
            ],
            [
              106.69565425530851,
              10.776736981964872,
              30.6
            ]
          ]
        ]
      },
      "properties": {
        "id": "270",
        "blockName": "Cửa sổ",
        "height": 2,
        "sourceId": "270",
        "sourceFile": "upper-glass-panels.geojson",
        "componentId": "upper-glass-panels",
        "componentName": "Upper glass panels",
        "lodLevel": "LoD3",
        "lod3Category": "LoD3 windows and glass panels",
        "lod3Evidence": "Windows, glass panels, and crossbars are separate facade opening details."
      }
    },
    {
      "id": "upper-glass-panels-271",
      "type": "Feature",
      "geometry": {
        "type": "Polygon",
        "coordinates": [
          [
            [
              106.695684543516,
              10.776770699154165,
              30.6
            ],
            [
              106.69569679486587,
              10.776784065676319,
              30.6
            ],
            [
              106.69569713502817,
              10.776783764794514,
              30.6
            ],
            [
              106.69568488367841,
              10.77677039827236,
              30.6
            ]
          ]
        ]
      },
      "properties": {
        "id": "271",
        "blockName": "Cửa sổ",
        "height": 2,
        "sourceId": "271",
        "sourceFile": "upper-glass-panels.geojson",
        "componentId": "upper-glass-panels",
        "componentName": "Upper glass panels",
        "lodLevel": "LoD3",
        "lod3Category": "LoD3 windows and glass panels",
        "lod3Evidence": "Windows, glass panels, and crossbars are separate facade opening details."
      }
    },
    {
      "id": "upper-glass-panels-272",
      "type": "Feature",
      "geometry": {
        "type": "Polygon",
        "coordinates": [
          [
            [
              106.6957151718927,
              10.776804115458646,
              30.6
            ],
            [
              106.69572742324522,
              10.776817481979595,
              30.6
            ],
            [
              106.69572776340752,
              10.77681718109779,
              30.6
            ],
            [
              106.695715512055,
              10.776803814576839,
              30.6
            ]
          ]
        ]
      },
      "properties": {
        "id": "272",
        "blockName": "Cửa sổ",
        "height": 2,
        "sourceId": "272",
        "sourceFile": "upper-glass-panels.geojson",
        "componentId": "upper-glass-panels",
        "componentName": "Upper glass panels",
        "lodLevel": "LoD3",
        "lod3Category": "LoD3 windows and glass panels",
        "lod3Evidence": "Windows, glass panels, and crossbars are separate facade opening details."
      }
    },
    {
      "id": "upper-glass-panels-273",
      "type": "Feature",
      "geometry": {
        "type": "Polygon",
        "coordinates": [
          [
            [
              106.69574580027614,
              10.776837531760117,
              30.6
            ],
            [
              106.69575805163139,
              10.776850898279866,
              30.6
            ],
            [
              106.6957583917937,
              10.77685059739806,
              30.6
            ],
            [
              106.69574614043843,
              10.776837230878312,
              30.6
            ]
          ]
        ]
      },
      "properties": {
        "id": "273",
        "blockName": "Cửa sổ",
        "height": 2,
        "sourceId": "273",
        "sourceFile": "upper-glass-panels.geojson",
        "componentId": "upper-glass-panels",
        "componentName": "Upper glass panels",
        "lodLevel": "LoD3",
        "lod3Category": "LoD3 windows and glass panels",
        "lod3Evidence": "Windows, glass panels, and crossbars are separate facade opening details."
      }
    },
    {
      "id": "upper-glass-panels-274",
      "type": "Feature",
      "geometry": {
        "type": "Polygon",
        "coordinates": [
          [
            [
              106.69577642866638,
              10.776870948058582,
              30.6
            ],
            [
              106.69578868002439,
              10.776884314577128,
              30.6
            ],
            [
              106.69578902018668,
              10.776884013695321,
              30.6
            ],
            [
              106.69577676882868,
              10.776870647176777,
              30.6
            ]
          ]
        ]
      },
      "properties": {
        "id": "274",
        "blockName": "Cửa sổ",
        "height": 2,
        "sourceId": "274",
        "sourceFile": "upper-glass-panels.geojson",
        "componentId": "upper-glass-panels",
        "componentName": "Upper glass panels",
        "lodLevel": "LoD3",
        "lod3Category": "LoD3 windows and glass panels",
        "lod3Evidence": "Windows, glass panels, and crossbars are separate facade opening details."
      }
    },
    {
      "id": "upper-glass-panels-275",
      "type": "Feature",
      "geometry": {
        "type": "Polygon",
        "coordinates": [
          [
            [
              106.69580705706343,
              10.776904364354042,
              30.6
            ],
            [
              106.6958193084242,
              10.776917730871382,
              30.6
            ],
            [
              106.69581964858641,
              10.776917429989576,
              30.6
            ],
            [
              106.69580739722564,
              10.776904063472237,
              30.6
            ]
          ]
        ]
      },
      "properties": {
        "id": "275",
        "blockName": "Cửa sổ",
        "height": 2,
        "sourceId": "275",
        "sourceFile": "upper-glass-panels.geojson",
        "componentId": "upper-glass-panels",
        "componentName": "Upper glass panels",
        "lodLevel": "LoD3",
        "lod3Category": "LoD3 windows and glass panels",
        "lod3Evidence": "Windows, glass panels, and crossbars are separate facade opening details."
      }
    },
    {
      "id": "lower-glass-panels-276",
      "type": "Feature",
      "geometry": {
        "type": "Polygon",
        "coordinates": [
          [
            [
              106.69581829206487,
              10.77693678221308,
              25.6
            ],
            [
              106.69580468555648,
              10.776948817484566,
              25.6
            ],
            [
              106.69580499184033,
              10.776949151647667,
              25.6
            ],
            [
              106.69581859834872,
              10.776937116376178,
              25.6
            ]
          ]
        ]
      },
      "properties": {
        "id": "276",
        "blockName": "Cửa sổ",
        "height": 4,
        "sourceId": "276",
        "sourceFile": "lower-glass-panels.geojson",
        "componentId": "lower-glass-panels",
        "componentName": "Lower glass panels",
        "lodLevel": "LoD3",
        "lod3Category": "LoD3 windows and glass panels",
        "lod3Evidence": "Windows, glass panels, and crossbars are separate facade opening details."
      }
    },
    {
      "id": "lower-glass-panels-277",
      "type": "Feature",
      "geometry": {
        "type": "Polygon",
        "coordinates": [
          [
            [
              106.69578427579195,
              10.776966870390686,
              25.6
            ],
            [
              106.69577066928082,
              10.77697890566069,
              25.6
            ],
            [
              106.69577097556467,
              10.776979239823788,
              25.6
            ],
            [
              106.6957845820757,
              10.776967204553785,
              25.6
            ]
          ]
        ]
      },
      "properties": {
        "id": "277",
        "blockName": "Cửa sổ",
        "height": 4,
        "sourceId": "277",
        "sourceFile": "lower-glass-panels.geojson",
        "componentId": "lower-glass-panels",
        "componentName": "Lower glass panels",
        "lodLevel": "LoD3",
        "lod3Category": "LoD3 windows and glass panels",
        "lod3Evidence": "Windows, glass panels, and crossbars are separate facade opening details."
      }
    },
    {
      "id": "lower-glass-panels-278",
      "type": "Feature",
      "geometry": {
        "type": "Polygon",
        "coordinates": [
          [
            [
              106.69575025951221,
              10.776996958564583,
              25.6
            ],
            [
              106.69573665299842,
              10.777008993833105,
              25.6
            ],
            [
              106.69573695928219,
              10.777009327996202,
              25.6
            ],
            [
              106.69575056579596,
              10.776997292727682,
              25.6
            ]
          ]
        ]
      },
      "properties": {
        "id": "278",
        "blockName": "Cửa sổ",
        "height": 4,
        "sourceId": "278",
        "sourceFile": "lower-glass-panels.geojson",
        "componentId": "lower-glass-panels",
        "componentName": "Lower glass panels",
        "lodLevel": "LoD3",
        "lod3Category": "LoD3 windows and glass panels",
        "lod3Evidence": "Windows, glass panels, and crossbars are separate facade opening details."
      }
    },
    {
      "id": "lower-glass-panels-279",
      "type": "Feature",
      "geometry": {
        "type": "Polygon",
        "coordinates": [
          [
            [
              106.69526042569812,
              10.777430228816309,
              25.6
            ],
            [
              106.69527403222688,
              10.777418193543335,
              25.6
            ],
            [
              106.69527433851135,
              10.777418527706438,
              25.6
            ],
            [
              106.69526073198259,
              10.77743056297941,
              25.6
            ]
          ]
        ]
      },
      "properties": {
        "id": "279",
        "blockName": "Cửa sổ",
        "height": 4,
        "sourceId": "279",
        "sourceFile": "lower-glass-panels.geojson",
        "componentId": "lower-glass-panels",
        "componentName": "Lower glass panels",
        "lodLevel": "LoD3",
        "lod3Category": "LoD3 windows and glass panels",
        "lod3Evidence": "Windows, glass panels, and crossbars are separate facade opening details."
      }
    },
    {
      "id": "lower-glass-panels-280",
      "type": "Feature",
      "geometry": {
        "type": "Polygon",
        "coordinates": [
          [
            [
              106.69529444201797,
              10.777400140632766,
              25.6
            ],
            [
              106.69530804854398,
              10.777388105358312,
              25.6
            ],
            [
              106.69530835482853,
              10.777388439521411,
              25.6
            ],
            [
              106.69529474830243,
              10.777400474795867,
              25.6
            ]
          ]
        ]
      },
      "properties": {
        "id": "280",
        "blockName": "Cửa sổ",
        "height": 4,
        "sourceId": "280",
        "sourceFile": "lower-glass-panels.geojson",
        "componentId": "lower-glass-panels",
        "componentName": "Lower glass panels",
        "lodLevel": "LoD3",
        "lod3Category": "LoD3 windows and glass panels",
        "lod3Evidence": "Windows, glass panels, and crossbars are separate facade opening details."
      }
    },
    {
      "id": "lower-glass-panels-281",
      "type": "Feature",
      "geometry": {
        "type": "Polygon",
        "coordinates": [
          [
            [
              106.69532845833099,
              10.777370052445516,
              25.6
            ],
            [
              106.69534206485434,
              10.777358017169577,
              25.6
            ],
            [
              106.6953423711389,
              10.777358351332675,
              25.6
            ],
            [
              106.69532876461555,
              10.777370386608615,
              25.6
            ]
          ]
        ]
      },
      "properties": {
        "id": "281",
        "blockName": "Cửa sổ",
        "height": 4,
        "sourceId": "281",
        "sourceFile": "lower-glass-panels.geojson",
        "componentId": "lower-glass-panels",
        "componentName": "Lower glass panels",
        "lodLevel": "LoD3",
        "lod3Category": "LoD3 windows and glass panels",
        "lod3Evidence": "Windows, glass panels, and crossbars are separate facade opening details."
      }
    },
    {
      "id": "lower-glass-panels-282",
      "type": "Feature",
      "geometry": {
        "type": "Polygon",
        "coordinates": [
          [
            [
              106.69524103227012,
              10.777429230377544,
              25.6
            ],
            [
              106.69522878089664,
              10.777415863852985,
              25.6
            ],
            [
              106.69522844073343,
              10.777416164734792,
              25.6
            ],
            [
              106.69524069210681,
              10.77742953125935,
              25.6
            ]
          ]
        ]
      },
      "properties": {
        "id": "282",
        "blockName": "Cửa sổ",
        "height": 4,
        "sourceId": "282",
        "sourceFile": "lower-glass-panels.geojson",
        "componentId": "lower-glass-panels",
        "componentName": "Lower glass panels",
        "lodLevel": "LoD3",
        "lod3Category": "LoD3 windows and glass panels",
        "lod3Evidence": "Windows, glass panels, and crossbars are separate facade opening details."
      }
    },
    {
      "id": "lower-glass-panels-283",
      "type": "Feature",
      "geometry": {
        "type": "Polygon",
        "coordinates": [
          [
            [
              106.69521040383867,
              10.777395814065244,
              25.6
            ],
            [
              106.69519815246804,
              10.777382447539482,
              25.6
            ],
            [
              106.6951978123047,
              10.777382748421289,
              25.6
            ],
            [
              106.69521006367533,
              10.777396114947049,
              25.6
            ]
          ]
        ]
      },
      "properties": {
        "id": "283",
        "blockName": "Cửa sổ",
        "height": 4,
        "sourceId": "283",
        "sourceFile": "lower-glass-panels.geojson",
        "componentId": "lower-glass-panels",
        "componentName": "Lower glass panels",
        "lodLevel": "LoD3",
        "lod3Category": "LoD3 windows and glass panels",
        "lod3Evidence": "Windows, glass panels, and crossbars are separate facade opening details."
      }
    },
    {
      "id": "lower-glass-panels-284",
      "type": "Feature",
      "geometry": {
        "type": "Polygon",
        "coordinates": [
          [
            [
              106.69517977541402,
              10.777362397749934,
              25.6
            ],
            [
              106.69516752404614,
              10.777349031222972,
              25.6
            ],
            [
              106.6951671838827,
              10.777349332104778,
              25.6
            ],
            [
              106.6951794352507,
              10.777362698631743,
              25.6
            ]
          ]
        ]
      },
      "properties": {
        "id": "284",
        "blockName": "Cửa sổ",
        "height": 4,
        "sourceId": "284",
        "sourceFile": "lower-glass-panels.geojson",
        "componentId": "lower-glass-panels",
        "componentName": "Lower glass panels",
        "lodLevel": "LoD3",
        "lod3Category": "LoD3 windows and glass panels",
        "lod3Evidence": "Windows, glass panels, and crossbars are separate facade opening details."
      }
    },
    {
      "id": "lower-glass-panels-285",
      "type": "Feature",
      "geometry": {
        "type": "Polygon",
        "coordinates": [
          [
            [
              106.69514914699619,
              10.777328981431623,
              25.6
            ],
            [
              106.69513689563095,
              10.777315614903452,
              25.6
            ],
            [
              106.69513655546763,
              10.77731591578526,
              25.6
            ],
            [
              106.69514880683286,
              10.777329282313428,
              25.6
            ]
          ]
        ]
      },
      "properties": {
        "id": "285",
        "blockName": "Cửa sổ",
        "height": 4,
        "sourceId": "285",
        "sourceFile": "lower-glass-panels.geojson",
        "componentId": "lower-glass-panels",
        "componentName": "Lower glass panels",
        "lodLevel": "LoD3",
        "lod3Category": "LoD3 windows and glass panels",
        "lod3Evidence": "Windows, glass panels, and crossbars are separate facade opening details."
      }
    },
    {
      "id": "lower-glass-panels-286",
      "type": "Feature",
      "geometry": {
        "type": "Polygon",
        "coordinates": [
          [
            [
              106.69511851858519,
              10.777295565110299,
              25.6
            ],
            [
              106.69510626722268,
              10.777282198580927,
              25.6
            ],
            [
              106.69510592705926,
              10.777282499462734,
              25.6
            ],
            [
              106.69511817842175,
              10.777295865992105,
              25.6
            ]
          ]
        ]
      },
      "properties": {
        "id": "286",
        "blockName": "Cửa sổ",
        "height": 4,
        "sourceId": "286",
        "sourceFile": "lower-glass-panels.geojson",
        "componentId": "lower-glass-panels",
        "componentName": "Lower glass panels",
        "lodLevel": "LoD3",
        "lod3Category": "LoD3 windows and glass panels",
        "lod3Evidence": "Windows, glass panels, and crossbars are separate facade opening details."
      }
    },
    {
      "id": "lower-glass-panels-287",
      "type": "Feature",
      "geometry": {
        "type": "Polygon",
        "coordinates": [
          [
            [
              106.69508789018099,
              10.777262148785967,
              25.6
            ],
            [
              106.69507563882115,
              10.777248782255393,
              25.6
            ],
            [
              106.69507529865773,
              10.777249083137198,
              25.6
            ],
            [
              106.69508755001756,
              10.777262449667774,
              25.6
            ]
          ]
        ]
      },
      "properties": {
        "id": "287",
        "blockName": "Cửa sổ",
        "height": 4,
        "sourceId": "287",
        "sourceFile": "lower-glass-panels.geojson",
        "componentId": "lower-glass-panels",
        "componentName": "Lower glass panels",
        "lodLevel": "LoD3",
        "lod3Category": "LoD3 windows and glass panels",
        "lod3Evidence": "Windows, glass panels, and crossbars are separate facade opening details."
      }
    },
    {
      "id": "lower-glass-panels-288",
      "type": "Feature",
      "geometry": {
        "type": "Polygon",
        "coordinates": [
          [
            [
              106.6950766551926,
              10.777229730902809,
              25.6
            ],
            [
              106.69509026171228,
              10.77721769562984,
              25.6
            ],
            [
              106.69508995542813,
              10.777217361466743,
              25.6
            ],
            [
              106.69507634890843,
              10.777229396739711,
              25.6
            ]
          ]
        ]
      },
      "properties": {
        "id": "288",
        "blockName": "Cửa sổ",
        "height": 4,
        "sourceId": "288",
        "sourceFile": "lower-glass-panels.geojson",
        "componentId": "lower-glass-panels",
        "componentName": "Lower glass panels",
        "lodLevel": "LoD3",
        "lod3Category": "LoD3 windows and glass panels",
        "lod3Evidence": "Windows, glass panels, and crossbars are separate facade opening details."
      }
    },
    {
      "id": "lower-glass-panels-289",
      "type": "Feature",
      "geometry": {
        "type": "Polygon",
        "coordinates": [
          [
            [
              106.69511067148973,
              10.77719964271927,
              25.6
            ],
            [
              106.69512427800676,
              10.777187607444812,
              25.6
            ],
            [
              106.69512397172251,
              10.777187273281715,
              25.6
            ],
            [
              106.69511036520558,
              10.77719930855617,
              25.6
            ]
          ]
        ]
      },
      "properties": {
        "id": "289",
        "blockName": "Cửa sổ",
        "height": 4,
        "sourceId": "289",
        "sourceFile": "lower-glass-panels.geojson",
        "componentId": "lower-glass-panels",
        "componentName": "Lower glass panels",
        "lodLevel": "LoD3",
        "lod3Category": "LoD3 windows and glass panels",
        "lod3Evidence": "Windows, glass panels, and crossbars are separate facade opening details."
      }
    },
    {
      "id": "lower-glass-panels-290",
      "type": "Feature",
      "geometry": {
        "type": "Polygon",
        "coordinates": [
          [
            [
              106.69514468778016,
              10.777169554532017,
              25.6
            ],
            [
              106.69515829429446,
              10.777157519256077,
              25.6
            ],
            [
              106.6951579880102,
              10.77715718509298,
              25.6
            ],
            [
              106.6951443814959,
              10.777169220368917,
              25.6
            ]
          ]
        ]
      },
      "properties": {
        "id": "290",
        "blockName": "Cửa sổ",
        "height": 4,
        "sourceId": "290",
        "sourceFile": "lower-glass-panels.geojson",
        "componentId": "lower-glass-panels",
        "componentName": "Lower glass panels",
        "lodLevel": "LoD3",
        "lod3Category": "LoD3 windows and glass panels",
        "lod3Evidence": "Windows, glass panels, and crossbars are separate facade opening details."
      }
    },
    {
      "id": "lower-glass-panels-291",
      "type": "Feature",
      "geometry": {
        "type": "Polygon",
        "coordinates": [
          [
            [
              106.69512014392129,
              10.77696133440935,
              25.6
            ],
            [
              106.69510789256704,
              10.776947967884793,
              25.6
            ],
            [
              106.69510755240422,
              10.776948268766597,
              25.6
            ],
            [
              106.69511980375857,
              10.776961635291155,
              25.6
            ]
          ]
        ]
      },
      "properties": {
        "id": "291",
        "blockName": "Cửa sổ",
        "height": 4,
        "sourceId": "291",
        "sourceFile": "lower-glass-panels.geojson",
        "componentId": "lower-glass-panels",
        "componentName": "Lower glass panels",
        "lodLevel": "LoD3",
        "lod3Category": "LoD3 windows and glass panels",
        "lod3Evidence": "Windows, glass panels, and crossbars are separate facade opening details."
      }
    },
    {
      "id": "lower-glass-panels-292",
      "type": "Feature",
      "geometry": {
        "type": "Polygon",
        "coordinates": [
          [
            [
              106.69508951553756,
              10.77692791809705,
              25.6
            ],
            [
              106.69507726418585,
              10.776914551571288,
              25.6
            ],
            [
              106.69507692402316,
              10.776914852453093,
              25.6
            ],
            [
              106.69508917537475,
              10.776928218978856,
              25.6
            ]
          ]
        ]
      },
      "properties": {
        "id": "292",
        "blockName": "Cửa sổ",
        "height": 4,
        "sourceId": "292",
        "sourceFile": "lower-glass-panels.geojson",
        "componentId": "lower-glass-panels",
        "componentName": "Lower glass panels",
        "lodLevel": "LoD3",
        "lod3Category": "LoD3 windows and glass panels",
        "lod3Evidence": "Windows, glass panels, and crossbars are separate facade opening details."
      }
    },
    {
      "id": "lower-glass-panels-293",
      "type": "Feature",
      "geometry": {
        "type": "Polygon",
        "coordinates": [
          [
            [
              106.69505888716054,
              10.776894501781744,
              25.6
            ],
            [
              106.6950466358116,
              10.77688113525478,
              25.6
            ],
            [
              106.69504629564878,
              10.776881436136584,
              25.6
            ],
            [
              106.69505854699773,
              10.77689480266355,
              25.6
            ]
          ]
        ]
      },
      "properties": {
        "id": "293",
        "blockName": "Cửa sổ",
        "height": 4,
        "sourceId": "293",
        "sourceFile": "lower-glass-panels.geojson",
        "componentId": "lower-glass-panels",
        "componentName": "Lower glass panels",
        "lodLevel": "LoD3",
        "lod3Category": "LoD3 windows and glass panels",
        "lod3Evidence": "Windows, glass panels, and crossbars are separate facade opening details."
      }
    },
    {
      "id": "lower-glass-panels-294",
      "type": "Feature",
      "geometry": {
        "type": "Polygon",
        "coordinates": [
          [
            [
              106.69502825879024,
              10.77686108546343,
              25.6
            ],
            [
              106.69501600744415,
              10.77684771893526,
              25.6
            ],
            [
              106.69501566728133,
              10.776848019817065,
              25.6
            ],
            [
              106.69502791862743,
              10.776861386345233,
              25.6
            ]
          ]
        ]
      },
      "properties": {
        "id": "294",
        "blockName": "Cửa sổ",
        "height": 4,
        "sourceId": "294",
        "sourceFile": "lower-glass-panels.geojson",
        "componentId": "lower-glass-panels",
        "componentName": "Lower glass panels",
        "lodLevel": "LoD3",
        "lod3Category": "LoD3 windows and glass panels",
        "lod3Evidence": "Windows, glass panels, and crossbars are separate facade opening details."
      }
    },
    {
      "id": "lower-glass-panels-295",
      "type": "Feature",
      "geometry": {
        "type": "Polygon",
        "coordinates": [
          [
            [
              106.69499763042687,
              10.776827669142104,
              25.6
            ],
            [
              106.69498537908342,
              10.776814302612735,
              25.6
            ],
            [
              106.6949850389206,
              10.77681460349454,
              25.6
            ],
            [
              106.69499729026404,
              10.776827970023911,
              25.6
            ]
          ]
        ]
      },
      "properties": {
        "id": "295",
        "blockName": "Cửa sổ",
        "height": 4,
        "sourceId": "295",
        "sourceFile": "lower-glass-panels.geojson",
        "componentId": "lower-glass-panels",
        "componentName": "Lower glass panels",
        "lodLevel": "LoD3",
        "lod3Category": "LoD3 windows and glass panels",
        "lod3Evidence": "Windows, glass panels, and crossbars are separate facade opening details."
      }
    },
    {
      "id": "lower-glass-panels-296",
      "type": "Feature",
      "geometry": {
        "type": "Polygon",
        "coordinates": [
          [
            [
              106.69496700207021,
              10.776794252817778,
              25.6
            ],
            [
              106.69495475072951,
              10.776780886287202,
              25.6
            ],
            [
              106.6949544105667,
              10.776781187169007,
              25.6
            ],
            [
              106.69496666190739,
              10.776794553699581,
              25.6
            ]
          ]
        ]
      },
      "properties": {
        "id": "296",
        "blockName": "Cửa sổ",
        "height": 4,
        "sourceId": "296",
        "sourceFile": "lower-glass-panels.geojson",
        "componentId": "lower-glass-panels",
        "componentName": "Lower glass panels",
        "lodLevel": "LoD3",
        "lod3Category": "LoD3 windows and glass panels",
        "lod3Evidence": "Windows, glass panels, and crossbars are separate facade opening details."
      }
    },
    {
      "id": "lower-glass-panels-297",
      "type": "Feature",
      "geometry": {
        "type": "Polygon",
        "coordinates": [
          [
            [
              106.69495576709932,
              10.776761834934616,
              25.6
            ],
            [
              106.69496937359783,
              10.776749799661644,
              25.6
            ],
            [
              106.69496906731419,
              10.776749465498545,
              25.6
            ],
            [
              106.69495546081566,
              10.776761500771517,
              25.6
            ]
          ]
        ]
      },
      "properties": {
        "id": "297",
        "blockName": "Cửa sổ",
        "height": 4,
        "sourceId": "297",
        "sourceFile": "lower-glass-panels.geojson",
        "componentId": "lower-glass-panels",
        "componentName": "Lower glass panels",
        "lodLevel": "LoD3",
        "lod3Category": "LoD3 windows and glass panels",
        "lod3Evidence": "Windows, glass panels, and crossbars are separate facade opening details."
      }
    },
    {
      "id": "lower-glass-panels-298",
      "type": "Feature",
      "geometry": {
        "type": "Polygon",
        "coordinates": [
          [
            [
              106.69498978334364,
              10.776731746751075,
              25.6
            ],
            [
              106.69500338983941,
              10.776719711476622,
              25.6
            ],
            [
              106.69500308355575,
              10.776719377313523,
              25.6
            ],
            [
              106.69498947705988,
              10.776731412587974,
              25.6
            ]
          ]
        ]
      },
      "properties": {
        "id": "298",
        "blockName": "Cửa sổ",
        "height": 4,
        "sourceId": "298",
        "sourceFile": "lower-glass-panels.geojson",
        "componentId": "lower-glass-panels",
        "componentName": "Lower glass panels",
        "lodLevel": "LoD3",
        "lod3Category": "LoD3 windows and glass panels",
        "lod3Evidence": "Windows, glass panels, and crossbars are separate facade opening details."
      }
    },
    {
      "id": "lower-glass-panels-299",
      "type": "Feature",
      "geometry": {
        "type": "Polygon",
        "coordinates": [
          [
            [
              106.69512584825294,
              10.776611393979813,
              25.6
            ],
            [
              106.69513945473791,
              10.776599358699423,
              25.6
            ],
            [
              106.69513914845396,
              10.776599024536322,
              25.6
            ],
            [
              106.69512554196908,
              10.776611059816714,
              25.6
            ]
          ]
        ]
      },
      "properties": {
        "id": "299",
        "blockName": "Cửa sổ",
        "height": 4,
        "sourceId": "299",
        "sourceFile": "lower-glass-panels.geojson",
        "componentId": "lower-glass-panels",
        "componentName": "Lower glass panels",
        "lodLevel": "LoD3",
        "lod3Category": "LoD3 windows and glass panels",
        "lod3Evidence": "Windows, glass panels, and crossbars are separate facade opening details."
      }
    },
    {
      "id": "lower-glass-panels-300",
      "type": "Feature",
      "geometry": {
        "type": "Polygon",
        "coordinates": [
          [
            [
              106.69515986446326,
              10.776581305777722,
              25.6
            ],
            [
              106.69517347094549,
              10.77656927049585,
              25.6
            ],
            [
              106.69517316466155,
              10.77656893633275,
              25.6
            ],
            [
              106.69515955817931,
              10.776580971614623,
              25.6
            ]
          ]
        ]
      },
      "properties": {
        "id": "300",
        "blockName": "Cửa sổ",
        "height": 4,
        "sourceId": "300",
        "sourceFile": "lower-glass-panels.geojson",
        "componentId": "lower-glass-panels",
        "componentName": "Lower glass panels",
        "lodLevel": "LoD3",
        "lod3Category": "LoD3 windows and glass panels",
        "lod3Evidence": "Windows, glass panels, and crossbars are separate facade opening details."
      }
    },
    {
      "id": "lower-glass-panels-301",
      "type": "Feature",
      "geometry": {
        "type": "Polygon",
        "coordinates": [
          [
            [
              106.6951928643109,
              10.776570268926887,
              25.6
            ],
            [
              106.6952051156513,
              10.776583635450244,
              25.6
            ],
            [
              106.69520545581341,
              10.776583334568437,
              25.6
            ],
            [
              106.6951932044731,
              10.776569968045083,
              25.6
            ]
          ]
        ]
      },
      "properties": {
        "id": "301",
        "blockName": "Cửa sổ",
        "height": 4,
        "sourceId": "301",
        "sourceFile": "lower-glass-panels.geojson",
        "componentId": "lower-glass-panels",
        "componentName": "Lower glass panels",
        "lodLevel": "LoD3",
        "lod3Category": "LoD3 windows and glass panels",
        "lod3Evidence": "Windows, glass panels, and crossbars are separate facade opening details."
      }
    },
    {
      "id": "lower-glass-panels-302",
      "type": "Feature",
      "geometry": {
        "type": "Polygon",
        "coordinates": [
          [
            [
              106.6952234926638,
              10.776603685234376,
              25.6
            ],
            [
              106.69523574400684,
              10.77661705175653,
              25.6
            ],
            [
              106.69523608416895,
              10.776616750874725,
              25.6
            ],
            [
              106.69522383282589,
              10.776603384352569,
              25.6
            ]
          ]
        ]
      },
      "properties": {
        "id": "302",
        "blockName": "Cửa sổ",
        "height": 4,
        "sourceId": "302",
        "sourceFile": "lower-glass-panels.geojson",
        "componentId": "lower-glass-panels",
        "componentName": "Lower glass panels",
        "lodLevel": "LoD3",
        "lod3Category": "LoD3 windows and glass panels",
        "lod3Evidence": "Windows, glass panels, and crossbars are separate facade opening details."
      }
    },
    {
      "id": "lower-glass-panels-303",
      "type": "Feature",
      "geometry": {
        "type": "Polygon",
        "coordinates": [
          [
            [
              106.69525412102351,
              10.776637101538855,
              25.6
            ],
            [
              106.6952663723692,
              10.776650468059806,
              25.6
            ],
            [
              106.6952667125313,
              10.776650167178001,
              25.6
            ],
            [
              106.6952544611856,
              10.77663680065705,
              25.6
            ]
          ]
        ]
      },
      "properties": {
        "id": "303",
        "blockName": "Cửa sổ",
        "height": 4,
        "sourceId": "303",
        "sourceFile": "lower-glass-panels.geojson",
        "componentId": "lower-glass-panels",
        "componentName": "Lower glass panels",
        "lodLevel": "LoD3",
        "lod3Category": "LoD3 windows and glass panels",
        "lod3Evidence": "Windows, glass panels, and crossbars are separate facade opening details."
      }
    },
    {
      "id": "lower-glass-panels-304",
      "type": "Feature",
      "geometry": {
        "type": "Polygon",
        "coordinates": [
          [
            [
              106.69528474938993,
              10.77667051784033,
              25.6
            ],
            [
              106.69529700073838,
              10.776683884360077,
              25.6
            ],
            [
              106.69529734090048,
              10.776683583478274,
              25.6
            ],
            [
              106.69528508955204,
              10.776670216958525,
              25.6
            ]
          ]
        ]
      },
      "properties": {
        "id": "304",
        "blockName": "Cửa sổ",
        "height": 4,
        "sourceId": "304",
        "sourceFile": "lower-glass-panels.geojson",
        "componentId": "lower-glass-panels",
        "componentName": "Lower glass panels",
        "lodLevel": "LoD3",
        "lod3Category": "LoD3 windows and glass panels",
        "lod3Evidence": "Windows, glass panels, and crossbars are separate facade opening details."
      }
    },
    {
      "id": "lower-glass-panels-305",
      "type": "Feature",
      "geometry": {
        "type": "Polygon",
        "coordinates": [
          [
            [
              106.69531537776318,
              10.776703934138796,
              25.6
            ],
            [
              106.69532762911437,
              10.776717300657339,
              25.6
            ],
            [
              106.69532796927648,
              10.776716999775532,
              25.6
            ],
            [
              106.69531571792528,
              10.77670363325699,
              25.6
            ]
          ]
        ]
      },
      "properties": {
        "id": "305",
        "blockName": "Cửa sổ",
        "height": 4,
        "sourceId": "305",
        "sourceFile": "lower-glass-panels.geojson",
        "componentId": "lower-glass-panels",
        "componentName": "Lower glass panels",
        "lodLevel": "LoD3",
        "lod3Category": "LoD3 windows and glass panels",
        "lod3Evidence": "Windows, glass panels, and crossbars are separate facade opening details."
      }
    },
    {
      "id": "lower-glass-panels-306",
      "type": "Feature",
      "geometry": {
        "type": "Polygon",
        "coordinates": [
          [
            [
              106.69534600614325,
              10.776737350434255,
              25.6
            ],
            [
              106.69535825749719,
              10.776750716951595,
              25.6
            ],
            [
              106.69535859765918,
              10.776750416069788,
              25.6
            ],
            [
              106.69534634630526,
              10.776737049552448,
              25.6
            ]
          ]
        ]
      },
      "properties": {
        "id": "306",
        "blockName": "Cửa sổ",
        "height": 4,
        "sourceId": "306",
        "sourceFile": "lower-glass-panels.geojson",
        "componentId": "lower-glass-panels",
        "componentName": "Lower glass panels",
        "lodLevel": "LoD3",
        "lod3Category": "LoD3 windows and glass panels",
        "lod3Evidence": "Windows, glass panels, and crossbars are separate facade opening details."
      }
    },
    {
      "id": "lower-glass-panels-307",
      "type": "Feature",
      "geometry": {
        "type": "Polygon",
        "coordinates": [
          [
            [
              106.69555288277816,
              10.77680849605792,
              25.6
            ],
            [
              106.69556648927883,
              10.776796460784949,
              25.6
            ],
            [
              106.69556618299507,
              10.776796126621852,
              25.6
            ],
            [
              106.69555257649442,
              10.77680816189482,
              25.6
            ]
          ]
        ]
      },
      "properties": {
        "id": "307",
        "blockName": "Cửa sổ",
        "height": 4,
        "sourceId": "307",
        "sourceFile": "lower-glass-panels.geojson",
        "componentId": "lower-glass-panels",
        "componentName": "Lower glass panels",
        "lodLevel": "LoD3",
        "lod3Category": "LoD3 windows and glass panels",
        "lod3Evidence": "Windows, glass panels, and crossbars are separate facade opening details."
      }
    },
    {
      "id": "lower-glass-panels-308",
      "type": "Feature",
      "geometry": {
        "type": "Polygon",
        "coordinates": [
          [
            [
              106.69558689902777,
              10.776778407874378,
              25.6
            ],
            [
              106.69560050552569,
              10.776766372599926,
              25.6
            ],
            [
              106.69560019924195,
              10.776766038436824,
              25.6
            ],
            [
              106.69558659274404,
              10.776778073711279,
              25.6
            ]
          ]
        ]
      },
      "properties": {
        "id": "308",
        "blockName": "Cửa sổ",
        "height": 4,
        "sourceId": "308",
        "sourceFile": "lower-glass-panels.geojson",
        "componentId": "lower-glass-panels",
        "componentName": "Lower glass panels",
        "lodLevel": "LoD3",
        "lod3Category": "LoD3 windows and glass panels",
        "lod3Evidence": "Windows, glass panels, and crossbars are separate facade opening details."
      }
    },
    {
      "id": "lower-glass-panels-309",
      "type": "Feature",
      "geometry": {
        "type": "Polygon",
        "coordinates": [
          [
            [
              106.69562091527058,
              10.776748319687128,
              25.6
            ],
            [
              106.69563452176585,
              10.77673628441119,
              25.6
            ],
            [
              106.69563421548199,
              10.776735950248089,
              25.6
            ],
            [
              106.69562060898672,
              10.776747985524027,
              25.6
            ]
          ]
        ]
      },
      "properties": {
        "id": "309",
        "blockName": "Cửa sổ",
        "height": 4,
        "sourceId": "309",
        "sourceFile": "lower-glass-panels.geojson",
        "componentId": "lower-glass-panels",
        "componentName": "Lower glass panels",
        "lodLevel": "LoD3",
        "lod3Category": "LoD3 windows and glass panels",
        "lod3Evidence": "Windows, glass panels, and crossbars are separate facade opening details."
      }
    },
    {
      "id": "lower-glass-panels-310",
      "type": "Feature",
      "geometry": {
        "type": "Polygon",
        "coordinates": [
          [
            [
              106.69565391514611,
              10.776737282846675,
              25.6
            ],
            [
              106.69566616649323,
              10.776750649370033,
              25.6
            ],
            [
              106.69566650665563,
              10.776750348488227,
              25.6
            ],
            [
              106.69565425530851,
              10.776736981964872,
              25.6
            ]
          ]
        ]
      },
      "properties": {
        "id": "310",
        "blockName": "Cửa sổ",
        "height": 4,
        "sourceId": "310",
        "sourceFile": "lower-glass-panels.geojson",
        "componentId": "lower-glass-panels",
        "componentName": "Lower glass panels",
        "lodLevel": "LoD3",
        "lod3Category": "LoD3 windows and glass panels",
        "lod3Evidence": "Windows, glass panels, and crossbars are separate facade opening details."
      }
    },
    {
      "id": "lower-glass-panels-311",
      "type": "Feature",
      "geometry": {
        "type": "Polygon",
        "coordinates": [
          [
            [
              106.695684543516,
              10.776770699154165,
              25.6
            ],
            [
              106.69569679486587,
              10.776784065676319,
              25.6
            ],
            [
              106.69569713502817,
              10.776783764794514,
              25.6
            ],
            [
              106.69568488367841,
              10.77677039827236,
              25.6
            ]
          ]
        ]
      },
      "properties": {
        "id": "311",
        "blockName": "Cửa sổ",
        "height": 4,
        "sourceId": "311",
        "sourceFile": "lower-glass-panels.geojson",
        "componentId": "lower-glass-panels",
        "componentName": "Lower glass panels",
        "lodLevel": "LoD3",
        "lod3Category": "LoD3 windows and glass panels",
        "lod3Evidence": "Windows, glass panels, and crossbars are separate facade opening details."
      }
    },
    {
      "id": "lower-glass-panels-312",
      "type": "Feature",
      "geometry": {
        "type": "Polygon",
        "coordinates": [
          [
            [
              106.6957151718927,
              10.776804115458646,
              25.6
            ],
            [
              106.69572742324522,
              10.776817481979595,
              25.6
            ],
            [
              106.69572776340752,
              10.77681718109779,
              25.6
            ],
            [
              106.695715512055,
              10.776803814576839,
              25.6
            ]
          ]
        ]
      },
      "properties": {
        "id": "312",
        "blockName": "Cửa sổ",
        "height": 4,
        "sourceId": "312",
        "sourceFile": "lower-glass-panels.geojson",
        "componentId": "lower-glass-panels",
        "componentName": "Lower glass panels",
        "lodLevel": "LoD3",
        "lod3Category": "LoD3 windows and glass panels",
        "lod3Evidence": "Windows, glass panels, and crossbars are separate facade opening details."
      }
    },
    {
      "id": "lower-glass-panels-313",
      "type": "Feature",
      "geometry": {
        "type": "Polygon",
        "coordinates": [
          [
            [
              106.69574580027614,
              10.776837531760117,
              25.6
            ],
            [
              106.69575805163139,
              10.776850898279866,
              25.6
            ],
            [
              106.6957583917937,
              10.77685059739806,
              25.6
            ],
            [
              106.69574614043843,
              10.776837230878312,
              25.6
            ]
          ]
        ]
      },
      "properties": {
        "id": "313",
        "blockName": "Cửa sổ",
        "height": 4,
        "sourceId": "313",
        "sourceFile": "lower-glass-panels.geojson",
        "componentId": "lower-glass-panels",
        "componentName": "Lower glass panels",
        "lodLevel": "LoD3",
        "lod3Category": "LoD3 windows and glass panels",
        "lod3Evidence": "Windows, glass panels, and crossbars are separate facade opening details."
      }
    },
    {
      "id": "lower-glass-panels-314",
      "type": "Feature",
      "geometry": {
        "type": "Polygon",
        "coordinates": [
          [
            [
              106.69577642866638,
              10.776870948058582,
              25.6
            ],
            [
              106.69578868002439,
              10.776884314577128,
              25.6
            ],
            [
              106.69578902018668,
              10.776884013695321,
              25.6
            ],
            [
              106.69577676882868,
              10.776870647176777,
              25.6
            ]
          ]
        ]
      },
      "properties": {
        "id": "314",
        "blockName": "Cửa sổ",
        "height": 4,
        "sourceId": "314",
        "sourceFile": "lower-glass-panels.geojson",
        "componentId": "lower-glass-panels",
        "componentName": "Lower glass panels",
        "lodLevel": "LoD3",
        "lod3Category": "LoD3 windows and glass panels",
        "lod3Evidence": "Windows, glass panels, and crossbars are separate facade opening details."
      }
    },
    {
      "id": "lower-glass-panels-315",
      "type": "Feature",
      "geometry": {
        "type": "Polygon",
        "coordinates": [
          [
            [
              106.69580705706343,
              10.776904364354042,
              25.6
            ],
            [
              106.6958193084242,
              10.776917730871382,
              25.6
            ],
            [
              106.69581964858641,
              10.776917429989576,
              25.6
            ],
            [
              106.69580739722564,
              10.776904063472237,
              25.6
            ]
          ]
        ]
      },
      "properties": {
        "id": "315",
        "blockName": "Cửa sổ",
        "height": 4,
        "sourceId": "315",
        "sourceFile": "lower-glass-panels.geojson",
        "componentId": "lower-glass-panels",
        "componentName": "Lower glass panels",
        "lodLevel": "LoD3",
        "lod3Category": "LoD3 windows and glass panels",
        "lod3Evidence": "Windows, glass panels, and crossbars are separate facade opening details."
      }
    },
    {
      "id": "ground-floor-windows-316",
      "type": "Feature",
      "geometry": {
        "type": "Polygon",
        "coordinates": [
          [
            [
              106.69524103227012,
              10.777429230377544,
              16
            ],
            [
              106.69522878089664,
              10.777415863852985,
              16
            ],
            [
              106.69522844073343,
              10.777416164734792,
              16
            ],
            [
              106.69524069210681,
              10.77742953125935,
              16
            ]
          ]
        ]
      },
      "properties": {
        "id": "316",
        "blockName": "Cửa sổ",
        "height": 2,
        "sourceId": "316",
        "sourceFile": "ground-floor-windows.geojson",
        "componentId": "ground-floor-windows",
        "componentName": "Ground floor windows",
        "lodLevel": "LoD3",
        "lod3Category": "LoD3 windows and glass panels",
        "lod3Evidence": "Windows, glass panels, and crossbars are separate facade opening details."
      }
    },
    {
      "id": "ground-floor-windows-317",
      "type": "Feature",
      "geometry": {
        "type": "Polygon",
        "coordinates": [
          [
            [
              106.69521040383867,
              10.777395814065244,
              16
            ],
            [
              106.69519815246804,
              10.777382447539482,
              16
            ],
            [
              106.6951978123047,
              10.777382748421289,
              16
            ],
            [
              106.69521006367533,
              10.777396114947049,
              16
            ]
          ]
        ]
      },
      "properties": {
        "id": "317",
        "blockName": "Cửa sổ",
        "height": 2,
        "sourceId": "317",
        "sourceFile": "ground-floor-windows.geojson",
        "componentId": "ground-floor-windows",
        "componentName": "Ground floor windows",
        "lodLevel": "LoD3",
        "lod3Category": "LoD3 windows and glass panels",
        "lod3Evidence": "Windows, glass panels, and crossbars are separate facade opening details."
      }
    },
    {
      "id": "ground-floor-windows-318",
      "type": "Feature",
      "geometry": {
        "type": "Polygon",
        "coordinates": [
          [
            [
              106.69511851858519,
              10.777295565110299,
              16
            ],
            [
              106.69510626722268,
              10.777282198580927,
              16
            ],
            [
              106.69510592705926,
              10.777282499462734,
              16
            ],
            [
              106.69511817842175,
              10.777295865992105,
              16
            ]
          ]
        ]
      },
      "properties": {
        "id": "318",
        "blockName": "Cửa sổ",
        "height": 2,
        "sourceId": "318",
        "sourceFile": "ground-floor-windows.geojson",
        "componentId": "ground-floor-windows",
        "componentName": "Ground floor windows",
        "lodLevel": "LoD3",
        "lod3Category": "LoD3 windows and glass panels",
        "lod3Evidence": "Windows, glass panels, and crossbars are separate facade opening details."
      }
    },
    {
      "id": "ground-floor-windows-319",
      "type": "Feature",
      "geometry": {
        "type": "Polygon",
        "coordinates": [
          [
            [
              106.69508789018099,
              10.777262148785967,
              16
            ],
            [
              106.69507563882115,
              10.777248782255393,
              16
            ],
            [
              106.69507529865773,
              10.777249083137198,
              16
            ],
            [
              106.69508755001756,
              10.777262449667774,
              16
            ]
          ]
        ]
      },
      "properties": {
        "id": "319",
        "blockName": "Cửa sổ",
        "height": 2,
        "sourceId": "319",
        "sourceFile": "ground-floor-windows.geojson",
        "componentId": "ground-floor-windows",
        "componentName": "Ground floor windows",
        "lodLevel": "LoD3",
        "lod3Category": "LoD3 windows and glass panels",
        "lod3Evidence": "Windows, glass panels, and crossbars are separate facade opening details."
      }
    },
    {
      "id": "ground-floor-windows-320",
      "type": "Feature",
      "geometry": {
        "type": "Polygon",
        "coordinates": [
          [
            [
              106.69565391514611,
              10.776737282846675,
              16
            ],
            [
              106.69566616649323,
              10.776750649370033,
              16
            ],
            [
              106.69566650665563,
              10.776750348488227,
              16
            ],
            [
              106.69565425530851,
              10.776736981964872,
              16
            ]
          ]
        ]
      },
      "properties": {
        "id": "320",
        "blockName": "Cửa sổ",
        "height": 2,
        "sourceId": "320",
        "sourceFile": "ground-floor-windows.geojson",
        "componentId": "ground-floor-windows",
        "componentName": "Ground floor windows",
        "lodLevel": "LoD3",
        "lod3Category": "LoD3 windows and glass panels",
        "lod3Evidence": "Windows, glass panels, and crossbars are separate facade opening details."
      }
    },
    {
      "id": "ground-floor-windows-321",
      "type": "Feature",
      "geometry": {
        "type": "Polygon",
        "coordinates": [
          [
            [
              106.695684543516,
              10.776770699154165,
              16
            ],
            [
              106.69569679486587,
              10.776784065676319,
              16
            ],
            [
              106.69569713502817,
              10.776783764794514,
              16
            ],
            [
              106.69568488367841,
              10.77677039827236,
              16
            ]
          ]
        ]
      },
      "properties": {
        "id": "321",
        "blockName": "Cửa sổ",
        "height": 2,
        "sourceId": "321",
        "sourceFile": "ground-floor-windows.geojson",
        "componentId": "ground-floor-windows",
        "componentName": "Ground floor windows",
        "lodLevel": "LoD3",
        "lod3Category": "LoD3 windows and glass panels",
        "lod3Evidence": "Windows, glass panels, and crossbars are separate facade opening details."
      }
    },
    {
      "id": "ground-floor-windows-322",
      "type": "Feature",
      "geometry": {
        "type": "Polygon",
        "coordinates": [
          [
            [
              106.69577642866638,
              10.776870948058582,
              16
            ],
            [
              106.69578868002439,
              10.776884314577128,
              16
            ],
            [
              106.69578902018668,
              10.776884013695321,
              16
            ],
            [
              106.69577676882868,
              10.776870647176777,
              16
            ]
          ]
        ]
      },
      "properties": {
        "id": "322",
        "blockName": "Cửa sổ",
        "height": 2,
        "sourceId": "322",
        "sourceFile": "ground-floor-windows.geojson",
        "componentId": "ground-floor-windows",
        "componentName": "Ground floor windows",
        "lodLevel": "LoD3",
        "lod3Category": "LoD3 windows and glass panels",
        "lod3Evidence": "Windows, glass panels, and crossbars are separate facade opening details."
      }
    },
    {
      "id": "ground-floor-windows-323",
      "type": "Feature",
      "geometry": {
        "type": "Polygon",
        "coordinates": [
          [
            [
              106.69580705706343,
              10.776904364354042,
              16
            ],
            [
              106.6958193084242,
              10.776917730871382,
              16
            ],
            [
              106.69581964858641,
              10.776917429989576,
              16
            ],
            [
              106.69580739722564,
              10.776904063472237,
              16
            ]
          ]
        ]
      },
      "properties": {
        "id": "323",
        "blockName": "Cửa sổ",
        "height": 2,
        "sourceId": "323",
        "sourceFile": "ground-floor-windows.geojson",
        "componentId": "ground-floor-windows",
        "componentName": "Ground floor windows",
        "lodLevel": "LoD3",
        "lod3Category": "LoD3 windows and glass panels",
        "lod3Evidence": "Windows, glass panels, and crossbars are separate facade opening details."
      }
    },
    {
      "id": "ground-floor-windows-324",
      "type": "Feature",
      "geometry": {
        "type": "Polygon",
        "coordinates": [
          [
            [
              106.69512014392129,
              10.77696133440935,
              16
            ],
            [
              106.69510789256704,
              10.776947967884793,
              16
            ],
            [
              106.69510755240422,
              10.776948268766597,
              16
            ],
            [
              106.69511980375857,
              10.776961635291155,
              16
            ]
          ]
        ]
      },
      "properties": {
        "id": "324",
        "blockName": "Cửa sổ",
        "height": 2,
        "sourceId": "324",
        "sourceFile": "ground-floor-windows.geojson",
        "componentId": "ground-floor-windows",
        "componentName": "Ground floor windows",
        "lodLevel": "LoD3",
        "lod3Category": "LoD3 windows and glass panels",
        "lod3Evidence": "Windows, glass panels, and crossbars are separate facade opening details."
      }
    },
    {
      "id": "ground-floor-windows-325",
      "type": "Feature",
      "geometry": {
        "type": "Polygon",
        "coordinates": [
          [
            [
              106.69508951553756,
              10.77692791809705,
              16
            ],
            [
              106.69507726418585,
              10.776914551571288,
              16
            ],
            [
              106.69507692402316,
              10.776914852453093,
              16
            ],
            [
              106.69508917537475,
              10.776928218978856,
              16
            ]
          ]
        ]
      },
      "properties": {
        "id": "325",
        "blockName": "Cửa sổ",
        "height": 2,
        "sourceId": "325",
        "sourceFile": "ground-floor-windows.geojson",
        "componentId": "ground-floor-windows",
        "componentName": "Ground floor windows",
        "lodLevel": "LoD3",
        "lod3Category": "LoD3 windows and glass panels",
        "lod3Evidence": "Windows, glass panels, and crossbars are separate facade opening details."
      }
    },
    {
      "id": "ground-floor-windows-326",
      "type": "Feature",
      "geometry": {
        "type": "Polygon",
        "coordinates": [
          [
            [
              106.69505888716054,
              10.776894501781744,
              16
            ],
            [
              106.6950466358116,
              10.77688113525478,
              16
            ],
            [
              106.69504629564878,
              10.776881436136584,
              16
            ],
            [
              106.69505854699773,
              10.77689480266355,
              16
            ]
          ]
        ]
      },
      "properties": {
        "id": "326",
        "blockName": "Cửa sổ",
        "height": 2,
        "sourceId": "326",
        "sourceFile": "ground-floor-windows.geojson",
        "componentId": "ground-floor-windows",
        "componentName": "Ground floor windows",
        "lodLevel": "LoD3",
        "lod3Category": "LoD3 windows and glass panels",
        "lod3Evidence": "Windows, glass panels, and crossbars are separate facade opening details."
      }
    },
    {
      "id": "ground-floor-windows-327",
      "type": "Feature",
      "geometry": {
        "type": "Polygon",
        "coordinates": [
          [
            [
              106.69502825879024,
              10.77686108546343,
              16
            ],
            [
              106.69501600744415,
              10.77684771893526,
              16
            ],
            [
              106.69501566728133,
              10.776848019817065,
              16
            ],
            [
              106.69502791862743,
              10.776861386345233,
              16
            ]
          ]
        ]
      },
      "properties": {
        "id": "327",
        "blockName": "Cửa sổ",
        "height": 2,
        "sourceId": "327",
        "sourceFile": "ground-floor-windows.geojson",
        "componentId": "ground-floor-windows",
        "componentName": "Ground floor windows",
        "lodLevel": "LoD3",
        "lod3Category": "LoD3 windows and glass panels",
        "lod3Evidence": "Windows, glass panels, and crossbars are separate facade opening details."
      }
    },
    {
      "id": "ground-floor-windows-328",
      "type": "Feature",
      "geometry": {
        "type": "Polygon",
        "coordinates": [
          [
            [
              106.69499763042687,
              10.776827669142104,
              16
            ],
            [
              106.69498537908342,
              10.776814302612735,
              16
            ],
            [
              106.6949850389206,
              10.77681460349454,
              16
            ],
            [
              106.69499729026404,
              10.776827970023911,
              16
            ]
          ]
        ]
      },
      "properties": {
        "id": "328",
        "blockName": "Cửa sổ",
        "height": 2,
        "sourceId": "328",
        "sourceFile": "ground-floor-windows.geojson",
        "componentId": "ground-floor-windows",
        "componentName": "Ground floor windows",
        "lodLevel": "LoD3",
        "lod3Category": "LoD3 windows and glass panels",
        "lod3Evidence": "Windows, glass panels, and crossbars are separate facade opening details."
      }
    },
    {
      "id": "ground-floor-windows-329",
      "type": "Feature",
      "geometry": {
        "type": "Polygon",
        "coordinates": [
          [
            [
              106.69495576709932,
              10.776761834934616,
              16
            ],
            [
              106.69496937359783,
              10.776749799661644,
              16
            ],
            [
              106.69496906731419,
              10.776749465498545,
              16
            ],
            [
              106.69495546081566,
              10.776761500771517,
              16
            ]
          ]
        ]
      },
      "properties": {
        "id": "329",
        "blockName": "Cửa sổ",
        "height": 2,
        "sourceId": "329",
        "sourceFile": "ground-floor-windows.geojson",
        "componentId": "ground-floor-windows",
        "componentName": "Ground floor windows",
        "lodLevel": "LoD3",
        "lod3Category": "LoD3 windows and glass panels",
        "lod3Evidence": "Windows, glass panels, and crossbars are separate facade opening details."
      }
    },
    {
      "id": "ground-floor-windows-330",
      "type": "Feature",
      "geometry": {
        "type": "Polygon",
        "coordinates": [
          [
            [
              106.69498978334364,
              10.776731746751075,
              16
            ],
            [
              106.69500338983941,
              10.776719711476622,
              16
            ],
            [
              106.69500308355575,
              10.776719377313523,
              16
            ],
            [
              106.69498947705988,
              10.776731412587974,
              16
            ]
          ]
        ]
      },
      "properties": {
        "id": "330",
        "blockName": "Cửa sổ",
        "height": 2,
        "sourceId": "330",
        "sourceFile": "ground-floor-windows.geojson",
        "componentId": "ground-floor-windows",
        "componentName": "Ground floor windows",
        "lodLevel": "LoD3",
        "lod3Category": "LoD3 windows and glass panels",
        "lod3Evidence": "Windows, glass panels, and crossbars are separate facade opening details."
      }
    },
    {
      "id": "ground-floor-windows-331",
      "type": "Feature",
      "geometry": {
        "type": "Polygon",
        "coordinates": [
          [
            [
              106.69512584825294,
              10.776611393979813,
              16
            ],
            [
              106.69513945473791,
              10.776599358699423,
              16
            ],
            [
              106.69513914845396,
              10.776599024536322,
              16
            ],
            [
              106.69512554196908,
              10.776611059816714,
              16
            ]
          ]
        ]
      },
      "properties": {
        "id": "331",
        "blockName": "Cửa sổ",
        "height": 2,
        "sourceId": "331",
        "sourceFile": "ground-floor-windows.geojson",
        "componentId": "ground-floor-windows",
        "componentName": "Ground floor windows",
        "lodLevel": "LoD3",
        "lod3Category": "LoD3 windows and glass panels",
        "lod3Evidence": "Windows, glass panels, and crossbars are separate facade opening details."
      }
    },
    {
      "id": "ground-floor-windows-332",
      "type": "Feature",
      "geometry": {
        "type": "Polygon",
        "coordinates": [
          [
            [
              106.69515986446326,
              10.776581305777722,
              16
            ],
            [
              106.69517347094549,
              10.77656927049585,
              16
            ],
            [
              106.69517316466155,
              10.77656893633275,
              16
            ],
            [
              106.69515955817931,
              10.776580971614623,
              16
            ]
          ]
        ]
      },
      "properties": {
        "id": "332",
        "blockName": "Cửa sổ",
        "height": 2,
        "sourceId": "332",
        "sourceFile": "ground-floor-windows.geojson",
        "componentId": "ground-floor-windows",
        "componentName": "Ground floor windows",
        "lodLevel": "LoD3",
        "lod3Category": "LoD3 windows and glass panels",
        "lod3Evidence": "Windows, glass panels, and crossbars are separate facade opening details."
      }
    },
    {
      "id": "ground-floor-windows-333",
      "type": "Feature",
      "geometry": {
        "type": "Polygon",
        "coordinates": [
          [
            [
              106.6952234926638,
              10.776603685234376,
              16
            ],
            [
              106.69523574400684,
              10.77661705175653,
              16
            ],
            [
              106.69523608416895,
              10.776616750874725,
              16
            ],
            [
              106.69522383282589,
              10.776603384352569,
              16
            ]
          ]
        ]
      },
      "properties": {
        "id": "333",
        "blockName": "Cửa sổ",
        "height": 2,
        "sourceId": "333",
        "sourceFile": "ground-floor-windows.geojson",
        "componentId": "ground-floor-windows",
        "componentName": "Ground floor windows",
        "lodLevel": "LoD3",
        "lod3Category": "LoD3 windows and glass panels",
        "lod3Evidence": "Windows, glass panels, and crossbars are separate facade opening details."
      }
    },
    {
      "id": "ground-floor-windows-334",
      "type": "Feature",
      "geometry": {
        "type": "Polygon",
        "coordinates": [
          [
            [
              106.69525412102351,
              10.776637101538855,
              16
            ],
            [
              106.6952663723692,
              10.776650468059806,
              16
            ],
            [
              106.6952667125313,
              10.776650167178001,
              16
            ],
            [
              106.6952544611856,
              10.77663680065705,
              16
            ]
          ]
        ]
      },
      "properties": {
        "id": "334",
        "blockName": "Cửa sổ",
        "height": 2,
        "sourceId": "334",
        "sourceFile": "ground-floor-windows.geojson",
        "componentId": "ground-floor-windows",
        "componentName": "Ground floor windows",
        "lodLevel": "LoD3",
        "lod3Category": "LoD3 windows and glass panels",
        "lod3Evidence": "Windows, glass panels, and crossbars are separate facade opening details."
      }
    },
    {
      "id": "ground-floor-windows-335",
      "type": "Feature",
      "geometry": {
        "type": "Polygon",
        "coordinates": [
          [
            [
              106.69528474938993,
              10.77667051784033,
              16
            ],
            [
              106.69529700073838,
              10.776683884360077,
              16
            ],
            [
              106.69529734090048,
              10.776683583478274,
              16
            ],
            [
              106.69528508955204,
              10.776670216958525,
              16
            ]
          ]
        ]
      },
      "properties": {
        "id": "335",
        "blockName": "Cửa sổ",
        "height": 2,
        "sourceId": "335",
        "sourceFile": "ground-floor-windows.geojson",
        "componentId": "ground-floor-windows",
        "componentName": "Ground floor windows",
        "lodLevel": "LoD3",
        "lod3Category": "LoD3 windows and glass panels",
        "lod3Evidence": "Windows, glass panels, and crossbars are separate facade opening details."
      }
    },
    {
      "id": "ground-floor-windows-336",
      "type": "Feature",
      "geometry": {
        "type": "Polygon",
        "coordinates": [
          [
            [
              106.69531537776318,
              10.776703934138796,
              16
            ],
            [
              106.69532762911437,
              10.776717300657339,
              16
            ],
            [
              106.69532796927648,
              10.776716999775532,
              16
            ],
            [
              106.69531571792528,
              10.77670363325699,
              16
            ]
          ]
        ]
      },
      "properties": {
        "id": "336",
        "blockName": "Cửa sổ",
        "height": 2,
        "sourceId": "336",
        "sourceFile": "ground-floor-windows.geojson",
        "componentId": "ground-floor-windows",
        "componentName": "Ground floor windows",
        "lodLevel": "LoD3",
        "lod3Category": "LoD3 windows and glass panels",
        "lod3Evidence": "Windows, glass panels, and crossbars are separate facade opening details."
      }
    },
    {
      "id": "ground-floor-windows-337",
      "type": "Feature",
      "geometry": {
        "type": "Polygon",
        "coordinates": [
          [
            [
              106.69534600614325,
              10.776737350434255,
              16
            ],
            [
              106.69535825749719,
              10.776750716951595,
              16
            ],
            [
              106.69535859765918,
              10.776750416069788,
              16
            ],
            [
              106.69534634630526,
              10.776737049552448,
              16
            ]
          ]
        ]
      },
      "properties": {
        "id": "337",
        "blockName": "Cửa sổ",
        "height": 2,
        "sourceId": "337",
        "sourceFile": "ground-floor-windows.geojson",
        "componentId": "ground-floor-windows",
        "componentName": "Ground floor windows",
        "lodLevel": "LoD3",
        "lod3Category": "LoD3 windows and glass panels",
        "lod3Evidence": "Windows, glass panels, and crossbars are separate facade opening details."
      }
    },
    {
      "id": "horizontal-glass-panels-393",
      "type": "Feature",
      "geometry": {
        "type": "Polygon",
        "coordinates": [
          [
            [
              106.69525022080083,
              10.777439255270648,
              33.7
            ],
            [
              106.69506645030208,
              10.777238757357148,
              33.7
            ],
            [
              106.69516849917937,
              10.777148492798734,
              33.7
            ],
            [
              106.69519912759006,
              10.777181909107123,
              33.7
            ],
            [
              106.69557330627558,
              10.776850938823658,
              33.7
            ],
            [
              106.69554267790201,
              10.77681752251226,
              33.7
            ],
            [
              106.6956447266365,
              10.776727257953844,
              33.7
            ],
            [
              106.69582849694541,
              10.776927755759074,
              33.7
            ],
            [
              106.69525022080083,
              10.777439255270648,
              33.7
            ]
          ]
        ]
      },
      "properties": {
        "id": "393",
        "blockName": "Cửa sổ",
        "height": 1.5,
        "sourceId": "393",
        "sourceFile": "horizontal-glass-panels.geojson",
        "componentId": "horizontal-glass-panels",
        "componentName": "Horizontal glass panels",
        "lodLevel": "LoD3",
        "lod3Category": "LoD3 windows and glass panels",
        "lod3Evidence": "Windows, glass panels, and crossbars are separate facade opening details."
      }
    },
    {
      "id": "front-balcony-glass-panel-571",
      "type": "Feature",
      "geometry": {
        "type": "Polygon",
        "coordinates": [
          [
            [
              106.69557269446611,
              10.77715401882069,
              23.1
            ],
            [
              106.69550772413756,
              10.77721148758169,
              23.1
            ],
            [
              106.69550833670587,
              10.777212155907888,
              23.1
            ],
            [
              106.69557330703421,
              10.777154687146886,
              23.1
            ]
          ]
        ]
      },
      "properties": {
        "id": "571",
        "blockName": "Cửa kính ban công mặt trước",
        "height": 4,
        "sourceId": "571",
        "sourceFile": "front-balcony-glass-panel.geojson",
        "componentId": "front-balcony-glass-panel",
        "componentName": "Balcony glass panel",
        "lodLevel": "LoD3",
        "lod3Category": "LoD3 windows and glass panels",
        "lod3Evidence": "Windows, glass panels, and crossbars are separate facade opening details."
      }
    }
  ]
}